Фамилия;Имя;Отчество;День рождения;Выдвинувшая партия;Фракция и должность;Состоит в комитетах;Срок окончания полномочий;Адрес сайта
Абельцев;Сергей;Николаевич;6/05/1961;"""Либерально-демократическая партия России""";"Член фракции ""Либерально-демократическая партия России""";Член Комитета ГД по безопасности;26/03/2008;http://www.abeltsev.ru/
Абрамов;Виктор;Семенович;18/08/1956;"""Единая Россия""";"Член фракции ""Единая Россия""";Первый заместитель председателя Комитета ГД по финансовому рынку;02/12/2007;
Аксаков;Анатолий;Геннадьевич;28/11/1957;"""Справедливая Россия: родина/пенсионеры/жизнь""";"Член фракции ""Справедливая Россия""";Член Комитета ГД по финансовому рынку;02/12/2007;http://www.duma.gov.ru/aksakov/
Алферов;Жорес;Иванович;15/03/1930;"""Коммунистическая партия Российской Федерации""";Член фракции Коммунистической партии Российской Федерации;Член Комитета ГД по науке и наукоемким технологиям;02/12/2007;
Амирилаев;Адам;Баширович;20/05/1963;"""Единая Россия""";"Член фракции ""Единая Россия""";Заместитель председателя Комитета ГД по делам общественных объединений и религиозных организаций;02/12/2007;
Андреев;Андрей;Анатольевич;24/05/1976;"""Коммунистическая партия Российской Федерации""";Член фракции Коммунистической партии Российской Федерации;Член Комитета ГД по информационной политике, информационным технологиям и связи;02/12/2007;
Аникеев;Григорий;Викторович;28/02/1972;"""Единая Россия""";"Член фракции ""Единая Россия""";Член Комитета ГД по труду и социальной политике;02/12/2007;
Антонов;Виктор;Васильевич;7/06/1951;"""Единая Россия""";"Член фракции ""Единая Россия""";Член Комитета ГД по делам национальностей;02/12/2007;
Антонов;Роман;Валерьевич;24/01/1972;"""Единая Россия""";"Член фракции ""Единая Россия""";Член Комитета ГД по бюджету и налогам;02/12/2007;
Апарина;Алевтина;Викторовна;20/04/1941;"""Коммунистическая партия Российской Федерации""";Член фракции Коммунистической партии Российской Федерации;Член Комитета ГД по труду и социальной политике;02/12/2007;
Аршба;Отари;Ионович;12/04/1955;"""Единая Россия""";"Член фракции ""Единая Россия""";Председатель Комитета ГД по Регламенту и организации работы Государственной Думы;02/12/2007;
Асеев;Владимир;Михайлович;19/06/1951;"""Единая Россия""";"Член фракции ""Единая Россия""";Первый заместитель председателя Комитета ГД по Регламенту и организации работы Государственной Думы;02/12/2007;http://www.duma.gov.ru/aseev/
Афанасьева;Елена;Владимировна;27/03/1975;"""Либерально-демократическая партия России""";"Член фракции ""Либерально-демократическая партия России""";Член Комитета ГД по Регламенту и организации работы Государственной Думы;02/12/2007;
Афонин;Юрий;Вячеславович;22/03/1977;"""Коммунистическая партия Российской Федерации""";Член фракции Коммунистической партии Российской Федерации;Член Комитета ГД по делам молодежи;02/12/2007;
Ахметов;Спартак;Галеевич;8/06/1949;"""Единая Россия""";"Член фракции ""Единая Россия""";Заместитель председателя Комитета ГД по Регламенту и организации работы Государственной Думы;02/12/2007;
Бабаков;Александр;Михайлович;8/02/1963;"""Справедливая Россия: родина/пенсионеры/жизнь""";"Член фракции ""Справедливая Россия""";Заместитель Председателя ГД | Член Комитета ГД по энергетике;02/12/2007;
Бабич;Михаил;Викторович;28/05/1969;"""Единая Россия""";"Член фракции ""Единая Россия""";Заместитель председателя Комитета ГД по обороне | Член Комиссии ГД по рассмотрению расходов федерального бюджета, направленных на обеспечение обороны и государственной безопасности РФ;02/12/2007;
Багаряков;Алексей;Владимирович;31/12/1972;"""Коммунистическая партия Российской Федерации""";Член фракции Коммунистической партии Российской Федерации;Член Комитета ГД по финансовому рынку;26/03/2008;
Багдасаров;Семен;Аркадьевич;20/11/1954;"""Справедливая Россия: родина/пенсионеры/жизнь""";"Член фракции ""Справедливая Россия""";Член Комитета ГД по международным делам;02/12/2007;
Балыхин;Григорий;Артёмович;19/11/1946;"""Единая Россия""";"Член фракции ""Единая Россия""";Председатель Комитета ГД по образованию;02/12/2007;
Банщиков;Михаил;Константинович;20/03/1949;"""Единая Россия""";"Член фракции ""Единая Россия""";Член Комитета ГД по вопросам местного самоуправления;02/12/2007;
Баринов;Игорь;Вячеславович;22/05/1968;"""Единая Россия""";"Член фракции ""Единая Россия""";Заместитель председателя Комитета ГД по обороне | Член Комиссии ГД по рассмотрению расходов федерального бюджета, направленных на обеспечение обороны и государственной безопасности РФ | Член Комиссии ГД по законодательному обеспечению противодействия коррупции;02/12/2007;http://www.ivbarinov.ru/
Баскаев;Аркадий;Георгиевич;12/08/1946;"""Единая Россия""";"Член фракции ""Единая Россия""";Первый заместитель председателя Комитета ГД по делам национальностей | Член Комиссии ГД по законодательному обеспечению противодействия коррупции;02/12/2007;
Беднов;Александр;Викторович;14/11/1950;"""Единая Россия""";"Член фракции ""Единая Россия""";Заместитель председателя Комитета ГД по вопросам семьи, женщин и детей;02/12/2007;
Белоконев;Сергей;Юрьевич;20/07/1977;"""Единая Россия""";"Член фракции ""Единая Россия""";Первый заместитель председателя Комитета ГД по делам молодежи;02/12/2007;
Беляков;Антон;Владимирович;18/10/1972;"""Справедливая Россия: родина/пенсионеры/жизнь""";"Член фракции ""Справедливая Россия""";Член Комитета ГД по делам Федерации и региональной политике;02/12/2007;
Берестов;Александр;Павлович;16/09/1956;"""Единая Россия""";"Член фракции ""Единая Россия""";Заместитель председателя Комитета ГД по аграрным вопросам;02/12/2007;
Бесчетнов;Константин;Викторович;21/05/1975;"""Справедливая Россия: родина/пенсионеры/жизнь""";"Член фракции ""Справедливая Россия""";Член Комитета ГД по экономической политике и предпринимательству;02/12/2007;http://www.kbeschetnov.ru/
Бобырев;Валентин;Васильевич;23/11/1947;"""Единая Россия""";"Член фракции ""Единая Россия""";Заместитель председателя Комитета ГД по гражданскому, уголовному, арбитражному и процессуальному законодательству | Член Комиссии ГД по рассмотрению расходов федерального бюджета, направленных на обеспечение обороны и государственной безопасности РФ | Член Комиссии ГД по законодательному обеспечению противодействия коррупции;02/12/2007;http://bobyrev.ru/
Богомолов;Валерий;Николаевич;8/01/1951;"""Единая Россия""";"Член фракции ""Единая Россия""";Член Комитета ГД по международным делам;02/12/2007;http://www.vbogomolov.ru/
Богомольный;Евгений;Исаакович;29/12/1952;"""Единая Россия""";"Член фракции ""Единая Россия""";Заместитель председателя Комитета ГД по собственности;02/12/2007;
Богуславский;Ирек;Борисович;9/09/1967;"""Единая Россия""";"Член фракции ""Единая Россия""";Заместитель председателя Комитета ГД по экономической политике и предпринимательству;02/12/2007;
Борзова;Ольга;Георгиевна;1/01/1949;"""Единая Россия""";"Член фракции ""Единая Россия""";Председатель Комитета ГД по охране здоровья;02/12/2007;
Борисовец;Юрий;Львович;30/01/1965;"""Единая Россия""";"Член фракции ""Единая Россия""";Член Комитета ГД по строительству и земельным отношениям;02/12/2007;
Борцов;Николай;Иванович;8/05/1945;"""Единая Россия""";"Член фракции ""Единая Россия""";Заместитель председателя Комитета ГД по аграрным вопросам;02/12/2007;
Бочаров;Андрей;Иванович;14/10/1969;"""Единая Россия""";"Член фракции ""Единая Россия""";Заместитель председателя Комитета ГД по делам ветеранов;02/12/2007;
Бударин;Николай;Михайлович;29/04/1953;"""Единая Россия""";"Член фракции ""Единая Россия""";Член Комитета ГД по науке и наукоемким технологиям | Член Комиссии ГД по рассмотрению расходов федерального бюджета, направленных на обеспечение обороны и государственной безопасности РФ;02/12/2007;
Булаев;Николай;Иванович;1/09/1949;"""Единая Россия""";"Член фракции ""Единая Россия""";Член Комитета ГД по науке и наукоемким технологиям;02/04/2010;
Бурков;Александр;Леонидович;23/04/1967;"""Справедливая Россия: родина/пенсионеры/жизнь""";"Член фракции ""Справедливая Россия""";Член Комитета ГД по транспорту;02/12/2007;
Бурносов;Александр;Леонидович;30/07/1955;"""Единая Россия""";"Член фракции ""Единая Россия""";Член Комитета ГД по бюджету и налогам;02/12/2007;
Бурыкина;Наталья;Викторовна;20/08/1960;"""Единая Россия""";"Член фракции ""Единая Россия""";Член Комитета ГД по бюджету и налогам;02/12/2007;
Валенчук;Олег;Дорианович;14/09/1960;"""Единая Россия""";"Член фракции ""Единая Россия""";Член Комитета ГД по экономической политике и предпринимательству;02/12/2007;http://www.olegvalenchuk.ru/
Варшавский;Вадим;Евгеньевич;30/04/1961;"""Единая Россия""";"Член фракции ""Единая Россия""";Член Комитета ГД по промышленности;02/12/2007;
Васильев;Владимир;Абдуалиевич;11/08/1949;"""Единая Россия""";"Член фракции ""Единая Россия""";Председатель Комитета ГД по безопасности;02/12/2007;http://www.vladimirvasilyev.ru/
Васильев;Юрий;Викторович;1/05/1951;"""Единая Россия""";"Член фракции ""Единая Россия""";Председатель Комитета ГД по бюджету и налогам | Сопредседатель Комиссии ГД по рассмотрению расходов федерального бюджета, направленных на обеспечение обороны и государственной безопасности РФ;02/12/2007;
Вахаев;Хож;Магомед;1/05/1949;"""Единая Россия""";"Член фракции ""Единая Россия""";Заместитель председателя Комитета ГД по безопасности;02/12/2007;
Ветров;Константин;Владимирович;30/12/1962;"""Либерально-демократическая партия России""";"Член фракции ""Либерально-демократическая партия России""";Член Комитета ГД по информационной политике, информационным технологиям и связи;02/12/2007;
Водолацкий;Виктор;Петрович;19/08/1957;"""Единая Россия""";"Член фракции ""Единая Россия""";Член Комитета ГД по безопасности;02/12/2007;
Войтенко;Виктор;Петрович;24/04/1951;"""Единая Россия""";"Член фракции ""Единая Россия""";Член Комитета ГД по транспорту;02/12/2007;http://www.voitenko.ru/
Волков;Алексей;Николаевич;29/01/1945;"""Единая Россия""";"Член фракции ""Единая Россия""";Председатель Комиссии ГД по законодательному обеспечению противодействия коррупции | Член Комитета ГД по безопасности | Член Комиссии ГД по рассмотрению расходов федерального бюджета, направленных на обеспечение обороны и государственной безопасности РФ;02/12/2007;
Волков;Юрий;Николаевич;19/09/1954;"""Единая Россия""";"Заместитель руководителя фракции ""Единая Россия""";Заместитель Председателя ГД | Член Комитета ГД по строительству и земельным отношениям;02/12/2007;
Володин;Вячеслав;Викторович;4/02/1964;"""Единая Россия""";"Заместитель руководителя фракции ""Единая Россия""";Заместитель Председателя ГД | Член Комитета ГД по гражданскому, уголовному, арбитражному и процессуальному законодательству;02/12/2007;
Воложинская;Татьяна;Львовна;6/05/1969;"""Либерально-демократическая партия России""";"Член фракции ""Либерально-демократическая партия России""";Член Комитета ГД по бюджету и налогам | Член Комиссии ГД по рассмотрению расходов федерального бюджета, направленных на обеспечение обороны и государственной безопасности РФ;02/12/2007;
Волчек;Денис;Геннадьевич;10/05/1971;"""Либерально-демократическая партия России""";"Член фракции ""Либерально-демократическая партия России""";Заместитель председателя Комитета ГД по финансовому рынку;02/12/2007;
Воробьев;Андрей;Юрьевич;14/04/1970;"""Единая Россия""";"Заместитель руководителя фракции ""Единая Россия""";Член Комитета ГД по делам общественных объединений и религиозных организаций;02/12/2007;
Воронова;Татьяна;Геннадьевна;30/03/1975;"""Единая Россия""";"Член фракции ""Единая Россия""";Член Комитета ГД по конституционному законодательству и государственному строительству;02/12/2007;
Востротин;Валерий;Александрович;20/11/1952;"""Единая Россия""";"Член фракции ""Единая Россия""";Член Комитета ГД по безопасности;02/12/2007;
Вторыгина;Елена;Андреевна;17/08/1957;"""Справедливая Россия: родина/пенсионеры/жизнь""";"Член фракции ""Справедливая Россия""";Член Комитета ГД по вопросам семьи, женщин и детей;02/12/2007;
Вяткин;Дмитрий;Федорович;21/05/1974;"""Единая Россия""";"Член фракции ""Единая Россия""";Член Комитета ГД по гражданскому, уголовному, арбитражному и процессуальному законодательству;02/12/2007;
Габдрахманов;Ильдар;Нуруллович;4/11/1974;"""Единая Россия""";"Член фракции ""Единая Россия""";Первый заместитель председателя Комитета ГД по труду и социальной политике;02/12/2007;http://www.duma.gov.ru/gabdrakhmanov/
Гаврилов;Сергей;Анатольевич;27/01/1966;"""Коммунистическая партия Российской Федерации""";Член фракции Коммунистической партии Российской Федерации;Заместитель председателя Комитета ГД по транспорту;02/12/2007;
Гаджиев;Магомед;Тажудинович;7/04/1965;"""Единая Россия""";"Член фракции ""Единая Россия""";Член Комитета ГД по транспорту;02/12/2007;
Гайнуллина;Фарида;Исмагиловна;28/03/1947;"""Единая Россия""";"Член фракции ""Единая Россия""";Председатель Счетной комиссии ГД | Заместитель председателя Комитета ГД по труду и социальной политике;02/12/2007;
Гальцова;Ольга;Дмитриевна;27/04/1952;"""Единая Россия""";"Член фракции ""Единая Россия""";Член Комитета ГД по гражданскому, уголовному, арбитражному и процессуальному законодательству;02/12/2007;
Гальченко;Валерий;Владимирович;15/08/1951;"""Единая Россия""";"Член фракции ""Единая Россия""";Член Комитета ГД по бюджету и налогам;02/12/2007;
Гартунг;Валерий;Карлович;12/11/1960;"""Справедливая Россия: родина/пенсионеры/жизнь""";"Член фракции ""Справедливая Россия""";Член Комитета ГД по бюджету и налогам;02/12/2007;http://www.gartung.ru/
Гасанов;Джамаладин;Набиевич;5/08/1964;"""Либерально-демократическая партия России""";"Член фракции ""Либерально-демократическая партия России""";Заместитель председателя Комитета ГД по собственности;02/12/2007;
Гасанов;Магомедкади;Набиевич;21/11/1962;"""Единая Россия""";"Член фракции ""Единая Россия""";Заместитель председателя Комиссии ГД по мандатным вопросам и вопросам депутатской этики | Член Комитета ГД по науке и наукоемким технологиям;02/12/2007;
Герасименко;Николай;Федорович;1/12/1950;"""Единая Россия""";"Член фракции ""Единая Россия""";Первый заместитель председателя Комитета ГД по охране здоровья;02/12/2007;http://www.duma.gov.ru/gerasimenko/
Герасимова;Надежда;Васильевна;22/03/1952;"""Единая Россия""";"Член фракции ""Единая Россия""";Заместитель Председателя ГД | Член Комитета ГД по труду и социальной политике;02/12/2007;
Гильмутдинов;Ильдар;Ирекович;3/09/1962;"""Единая Россия""";"Член фракции ""Единая Россия""";Заместитель председателя Комитета ГД по физической культуре и спорту;02/12/2007;
Гималетдинов;Ильдар;Мансурович;24/07/1955;"""Единая Россия""";"Член фракции ""Единая Россия""";Член Комитета ГД по экономической политике и предпринимательству;02/12/2007;
Гималов;Рафаэль;Имамович;9/08/1950;"""Единая Россия""";"Член фракции ""Единая Россия""";Член Комитета ГД по природным ресурсам, природопользованию и экологии;02/12/2007;http://www.gimalov.ru/
Гладилин;Валерий;Павлович;19/10/1951;"""Единая Россия""";"Член фракции ""Единая Россия""";Член Комитета ГД по Регламенту и организации работы Государственной Думы;21/01/2008;
Глубоковская;Эльмира;Гусейновна;20/04/1957;"""Справедливая Россия: родина/пенсионеры/жизнь""";"Член фракции ""Справедливая Россия""";Заместитель председателя Комитета ГД по охране здоровья;02/12/2007;http://www.glubokovskaya.ru/
Говорухин;Станислав;Сергеевич;29/03/1936;"""Единая Россия""";"Член фракции ""Единая Россия""";Член Комитета ГД по информационной политике, информационным технологиям и связи;02/12/2007;
Голиков;Георгий;Георгиевич;10/04/1950;"""Единая Россия""";"Член фракции ""Единая Россия""";Член Комитета ГД по вопросам местного самоуправления;02/12/2007;
Головнёв;Владимир;Александрович;25/01/1970;"""Единая Россия""";"Член фракции ""Единая Россия""";Первый заместитель председателя Комитета ГД по экономической политике и предпринимательству;02/12/2007;http://www.golovnev.ru/
Голушко;Андрей;Иванович;1/12/1964;"""Единая Россия""";"Член фракции ""Единая Россия""";Первый заместитель председателя Комиссии ГД по законодательному обеспечению деятельности субъектов естественных монополий, государственных корпораций и коммерческих организаций с государственным участием | Заместитель председателя Комитета ГД по экономической политике и предпринимательству;02/12/2007;
Гольдштейн;Ростислав;Эрнстович;15/03/1969;"""Единая Россия""";"Член фракции ""Единая Россия""";Заместитель председателя Комитета ГД по проблемам Севера и Дальнего Востока;02/12/2007;http://www.goldstein.ru/
Гончар;Николай;Николаевич;18/10/1946;"""Единая Россия""";"Член фракции ""Единая Россия""";Член Комитета ГД по бюджету и налогам;02/12/2007;http://www.duma.gov.ru/gonchar/
Горбачев;Владимир;Лукич;29/07/1950;"""Единая Россия""";"Член фракции ""Единая Россия""";Заместитель председателя Комитета ГД по информационной политике, информационным технологиям и связи;02/12/2007;http://www.vl-g.ru/
Горькова;Ирина;Петровна;18/09/1959;"""Либерально-демократическая партия России""";"Член фракции ""Либерально-демократическая партия России""";Заместитель председателя Комитета ГД по делам национальностей;02/12/2007;
Горячева;Светлана;Петровна;3/06/1947;"""Справедливая Россия: родина/пенсионеры/жизнь""";"Заместитель руководителя фракции ""Справедливая Россия""";Заместитель председателя Комитета ГД по Регламенту и организации работы Государственной Думы;02/12/2007;http://www.duma.gov.ru/goryacheva/
Гостев;Руслан;Георгиевич;11/01/1945;"""Коммунистическая партия Российской Федерации""";Член фракции Коммунистической партии Российской Федерации;Член Комитета ГД по физической культуре и спорту | Член Счетной комиссии ГД;02/12/2007;
Грачёв;Иван;Дмитриевич;19/02/1952;"""Справедливая Россия: родина/пенсионеры/жизнь""";"Член фракции ""Справедливая Россия""";Заместитель председателя Комитета ГД по энергетике;02/12/2007;http://www.grachev.ru/
Гребенкин;Олег;Анатольевич;11/08/1958;"""Единая Россия""";"Член фракции ""Единая Россия""";Член Комитета ГД по строительству и земельным отношениям | Член Комиссии ГД по рассмотрению расходов федерального бюджета, направленных на обеспечение обороны и государственной безопасности РФ;02/12/2007;
Грешневиков;Анатолий;Николаевич;29/08/1956;"""Справедливая Россия: родина/пенсионеры/жизнь""";"Член фракции ""Справедливая Россия""";Заместитель председателя Комитета ГД по аграрным вопросам;02/12/2007;
Гридин;Владимир;Григорьевич;8/12/1955;"""Единая Россия""";"Член фракции ""Единая Россия""";Заместитель председателя Комитета ГД по транспорту;02/12/2007;
Гришанков;Михаил;Игнатьевич;16/02/1965;"""Единая Россия""";"Член фракции ""Единая Россия""";Первый заместитель председателя Комитета ГД по безопасности | Сопредседатель Комиссии ГД по рассмотрению расходов федерального бюджета, направленных на обеспечение обороны и государственной безопасности РФ;02/12/2007;http://www.grishankov.ru/
Груздев;Владимир;Сергеевич;6/02/1967;"""Единая Россия""";"Член фракции ""Единая Россия""";Первый заместитель председателя Комитета ГД по гражданскому, уголовному, арбитражному и процессуальному законодательству;02/12/2007;http://www.gruzdev.ru/
Грызлов;Борис;Вячеславович;15/12/1950;"""Единая Россия""";"Руководитель фракции ""Единая Россия""";Председатель ГД;02/12/2007;
Губайдуллин;Ринат;Шайхуллович;21/06/1960;"""Единая Россия""";"Член фракции ""Единая Россия""";Заместитель председателя Комитета ГД по бюджету и налогам;02/12/2007;
Губкин;Анатолий;Алексеевич;5/01/1953;"""Единая Россия""";"Член фракции ""Единая Россия""";Заместитель председателя Комиссии ГД по мандатным вопросам и вопросам депутатской этики | Член Комитета ГД по финансовому рынку;02/12/2007;
Гудков;Геннадий;Владимирович;15/08/1956;"""Справедливая Россия: родина/пенсионеры/жизнь""";"Заместитель руководителя фракции ""Справедливая Россия""";Заместитель председателя Комитета ГД по безопасности | Член Комиссии ГД по рассмотрению расходов федерального бюджета, направленных на обеспечение обороны и государственной безопасности РФ | Член Комиссии ГД по законодательному обеспечению противодействия коррупции;02/12/2007;http://www.gudkov.ru/
Гужвин;Петр;Анатольевич;5/08/1973;"""Единая Россия""";"Член фракции ""Единая Россия""";Член Комитета ГД по собственности;02/12/2007;
Гуляев;Руслан;Александрович;;"""Единая Россия""";"Член фракции ""Единая Россия""";;07/07/2010;
Гуров;Александр;Иванович;17/11/1945;"""Единая Россия""";"Член фракции ""Единая Россия""";Председатель Комиссии ГД по мандатным вопросам и вопросам депутатской этики | Член Комитета ГД по безопасности;02/12/2007;
Давитиашвили;Денис;Александрович;17/05/1974;"""Либерально-демократическая партия России""";"Член фракции ""Либерально-демократическая партия России""";Член Комитета ГД по промышленности;30/04/2008;
Дедов;Виктор;Михайлович;16/04/1956;"""Единая Россия""";"Член фракции ""Единая Россия""";Член Комитета ГД по вопросам семьи, женщин и детей;02/12/2007;
Делимханов;Адам;Султанович;25/09/1969;"""Единая Россия""";"Член фракции ""Единая Россия""";Заместитель председателя Комитета ГД по делам Федерации и региональной политике;02/12/2007;
Демченко;Иван;Иванович;27/09/1960;"""Единая Россия""";"Член фракции ""Единая Россия""";Член Комитета ГД по транспорту;02/12/2007;
Денисенко;Олег;Иванович;15/04/1962;"""Коммунистическая партия Российской Федерации""";Член фракции Коммунистической партии Российской Федерации;Заместитель председателя Комитета ГД по безопасности | Член Комиссии ГД по законодательному обеспечению деятельности субъектов естественных монополий, государственных корпораций и коммерческих организаций с государственным участием;02/12/2007;
Денисов;Валентин;Петрович;1/07/1955;"""Единая Россия""";"Член фракции ""Единая Россия""";Председатель Комитета ГД по аграрным вопросам;02/12/2007;
Дмитриева;Оксана;Генриховна;3/04/1958;"""Справедливая Россия: родина/пенсионеры/жизнь""";"Первый заместитель руководителя фракции ""Справедливая Россия""";Член Комитета ГД по бюджету и налогам;02/12/2007;
Драганов;Валерий;Гаврилович;22/04/1951;"""Единая Россия""";"Член фракции ""Единая Россия""";Первый заместитель председателя Комитета ГД по промышленности | Член Комиссии ГД по рассмотрению расходов федерального бюджета, направленных на обеспечение обороны и государственной безопасности РФ;02/12/2007;http://www.draganov.ru/
Драпеко;Елена;Григорьевна;29/10/1948;"""Справедливая Россия: родина/пенсионеры/жизнь""";"Член фракции ""Справедливая Россия""";Первый заместитель председателя Комитета ГД по культуре;02/12/2007;http://www.duma.gov.ru/drapeko/
Друсинов;Валентин;Дмитриевич;5/04/1947;"""Единая Россия""";"Член фракции ""Единая Россия""";Член Комитета ГД по природным ресурсам, природопользованию и экологии;02/12/2007;
Дубровин;Вячеслав;Анатольевич;1/01/1949;"""Единая Россия""";"Член фракции ""Единая Россия""";Заместитель председателя Комитета ГД по транспорту;02/12/2007;
Дубровская;Татьяна;Борисовна;19/09/1969;"""Либерально-демократическая партия России""";"Член фракции ""Либерально-демократическая партия России""";Член Комитета ГД по бюджету и налогам;02/12/2007;
Егиазарян;Ашот;Геворкович;24/07/1965;"""Либерально-демократическая партия России""";"Член фракции ""Либерально-демократическая партия России""";Член Комитета ГД по бюджету и налогам;02/12/2007;
Егоров;Сергей;Николаевич;13/04/1948;"""Единая Россия""";"Член фракции ""Единая Россия""";Заместитель председателя Комитета ГД по Регламенту и организации работы Государственной Думы;02/12/2007;
Езерский;Николай;Николаевич;8/05/1956;"""Коммунистическая партия Российской Федерации""";Член фракции Коммунистической партии Российской Федерации;Член Комитета ГД по безопасности;02/12/2007;
Езубов;Алексей;Петрович;10/02/1948;"""Единая Россия""";"Член фракции ""Единая Россия""";Член Комитета ГД по аграрным вопросам;02/12/2007;http://www.er-duma.ru/deputats5/25734/
Емельянов;Михаил;Васильевич;9/05/1962;"""Справедливая Россия: родина/пенсионеры/жизнь""";"Заместитель руководителя фракции ""Справедливая Россия""";Член Комитета ГД по конституционному законодательству и государственному строительству | Член Комиссии ГД по мандатным вопросам и вопросам депутатской этики;02/12/2007;http://www.emelyanov.ru/
Ермакова;Наталья;Афанасьевна;19/05/1957;"""Единая Россия""";"Член фракции ""Единая Россия""";Член Комитета ГД по международным делам;02/12/2007;http://ermakova-na.ru/
Железняк;Сергей;Владимирович;30/07/1970;"""Единая Россия""";"Член фракции ""Единая Россия""";Член Комитета ГД по экономической политике и предпринимательству;02/12/2007;
Жириновский;Владимир;Вольфович;25/04/1946;"""Либерально-демократическая партия России""";"Член фракции ""Либерально-демократическая партия России""";Заместитель Председателя ГД | Член Комитета ГД по аграрным вопросам;02/12/2007;
Жолобов;Олег;Владимирович;6/10/1961;"""Единая Россия""";"Член фракции ""Единая Россия""";Член Комитета ГД по информационной политике, информационным технологиям и связи;02/12/2007;
Журко;Василий;Васильевич;15/07/1963;"""Либерально-демократическая партия России""";"Член фракции ""Либерально-демократическая партия России""";Член Комитета ГД по природным ресурсам, природопользованию и экологии;02/12/2007;
Журова;Светлана;Сергеевна;7/01/1972;"""Единая Россия""";"Член фракции ""Единая Россия""";Заместитель Председателя ГД | Член Комитета ГД по вопросам семьи, женщин и детей;02/12/2007;http://www.szhurova.ru/
Заварзин;Виктор;Михайлович;28/11/1948;"""Единая Россия""";"Член фракции ""Единая Россия""";Председатель Комитета ГД по обороне;02/12/2007;
Заварницин;Алексей;Юрьевич;10/01/1968;"""Либерально-демократическая партия России""";"Член фракции ""Либерально-демократическая партия России""";Член Комитета ГД по физической культуре и спорту;02/12/2007;
Завгаев;Ахмар;Гапурович;20/12/1947;"""Единая Россия""";"Член фракции ""Единая Россия""";Член Комитета ГД по бюджету и налогам;02/12/2007;
Загидуллов;Марат;Фаридович;5/06/1974;"""Единая Россия""";"Член фракции ""Единая Россия""";Член Комитета ГД по природным ресурсам, природопользованию и экологии;02/12/2007;
Зайцев;Константин;Борисович;9/01/1970;"""Единая Россия""";"Член фракции ""Единая Россия""";Заместитель председателя Комитета ГД по энергетике;02/12/2007;
Залиханов;Михаил;Чоккаевич;22/06/1939;"""Единая Россия""";"Член фракции ""Единая Россия""";Член Комитета ГД по науке и наукоемким технологиям;02/12/2007;
Затулин;Константин;Федорович;7/09/1958;"""Единая Россия""";"Член фракции ""Единая Россия""";Первый заместитель председателя Комитета ГД по делам Содружества Независимых Государств и связям с соотечественниками;02/12/2007;http://www.zatulin.ru/
Захарова;Светлана;Юрьевна;10/06/1979;"""Единая Россия""";"Член фракции ""Единая Россия""";Член Комитета ГД по культуре;02/12/2007;
Захарьящев;Василий;Иванович;24/01/1946;"""Единая Россия""";"Член фракции ""Единая Россия""";Первый заместитель председателя Комитета ГД по делам общественных объединений и религиозных организаций;02/12/2007;
Звагельский;Виктор;Фридрихович;30/07/1963;"""Единая Россия""";"Член фракции ""Единая Россия""";Член Комитета ГД по экономической политике и предпринимательству;02/12/2007;
Зеленский;Юрий;Борисович;22/08/1947;"""Единая Россия""";"Член фракции ""Единая Россия""";Заместитель председателя Комитета ГД по финансовому рынку;02/12/2007;
Зиновьев;Василий;Васильевич;23/07/1942;"""Единая Россия""";"Член фракции ""Единая Россия""";Заместитель председателя Комитета ГД по энергетике;02/12/2007;
Зубарев;Виктор;Владиславович;20/02/1961;"""Единая Россия""";"Член фракции ""Единая Россия""";Член Комитета ГД по природным ресурсам, природопользованию и экологии;02/12/2007;http://www.zubarev.info/
Зубицкий;Борис;Давыдович;16/12/1947;"""Единая Россия""";"Член фракции ""Единая Россия""";Заместитель председателя Комитета ГД по экономической политике и предпринимательству;02/12/2007;
Зубов;Валерий;Михайлович;9/05/1953;"""Справедливая Россия: родина/пенсионеры/жизнь""";"Член фракции ""Справедливая Россия""";Член Комитета ГД по экономической политике и предпринимательству | Член Комиссии ГД по законодательному обеспечению деятельности субъектов естественных монополий, государственных корпораций и коммерческих организаций с государственным участием;02/12/2007;http://www.zubow.ru/
Зырянов;Павел;Александрович;24/12/1983;"""Единая Россия""";"Член фракции ""Единая Россия""";Член Комитета ГД по делам молодежи;02/12/2007;
Зюганов;Геннадий;Андреевич;26/06/1944;"""Коммунистическая партия Российской Федерации""";Руководитель фракции Коммунистической партии Российской Федерации;Член Комитета ГД по науке и наукоемким технологиям;02/12/2007;
Иванов;Анатолий;Семенович;5/08/1949;"""Единая Россия""";"Член фракции ""Единая Россия""";Член Комитета ГД по труду и социальной политике;02/12/2007;http://www.er-duma.ru/deputats5/25774/
Иванов;Михаил;Петрович;20/11/1977;"""Единая Россия""";"Член фракции ""Единая Россия""";Член Комитета ГД по делам молодежи;31/01/2008;
Иванов;Сергей;Владимирович;26/10/1969;"""Либерально-демократическая партия России""";"Член фракции ""Либерально-демократическая партия России""";Член Комитета ГД по информационной политике, информационным технологиям и связи | Член Комиссии ГД по мандатным вопросам и вопросам депутатской этики;02/12/2007;
Ивлиев;Григорий;Петрович;27/09/1957;"""Единая Россия""";"Член фракции ""Единая Россия""";Председатель Комитета ГД по культуре;02/12/2007;
Игнатова;Марина;Валерьевна;22/01/1967;"""Единая Россия""";"Член фракции ""Единая Россия""";Член Комитета ГД по экономической политике и предпринимательству;02/12/2007;
Игошин;Игорь;Николаевич;11/12/1970;"""Единая Россия""";"Член фракции ""Единая Россия""";Заместитель председателя Комитета ГД по науке и наукоемким технологиям;02/12/2007;
Изотова;Галина;Сергеевна;3/05/1960;"""Единая Россия""";"Член фракции ""Единая Россия""";Первый заместитель председателя Комитета ГД по делам Федерации и региональной политике;02/12/2007;
Илюхин;Виктор;Иванович;1/03/1949;"""Коммунистическая партия Российской Федерации""";Член фракции Коммунистической партии Российской Федерации;Заместитель председателя Комитета ГД по конституционному законодательству и государственному строительству | Член Комиссии ГД по законодательному обеспечению противодействия коррупции;02/12/2007;http://www.iluhin.ru/
Исаев;Андрей;Константинович;1/10/1964;"""Единая Россия""";"Член фракции ""Единая Россия""";Председатель Комитета ГД по труду и социальной политике;02/12/2007;http://www.duma.gov.ru/isaev/
Исаев;Ризвангаджи;Абдулаевич;26/09/1960;"""Единая Россия""";"Член фракции ""Единая Россия""";Член Комитета ГД по строительству и земельным отношениям;02/12/2007;
Исаев;Эрнст;Фаритович;1/05/1962;"""Единая Россия""";"Член фракции ""Единая Россия""";Член Комитета ГД по аграрным вопросам;02/12/2007;
Исаев;Юрий;Олегович;1/01/1972;"""Единая Россия""";"Член фракции ""Единая Россия""";Член Комитета ГД по финансовому рынку;02/12/2007;
Исаков;Игорь;Анатольевич;14/01/1968;"""Единая Россия""";"Член фракции ""Единая Россия""";Член Комитета ГД по энергетике;08/10/2008;http://www.igorisakov.ru/
Искужин;Рамиль;Кабирович;5/03/1958;"""Единая Россия""";"Член фракции ""Единая Россия""";Заместитель председателя Комитета ГД по конституционному законодательству и государственному строительству;02/12/2007;
Иткулов;Салават;Гильмишарифович;23/06/1952;"""Единая Россия""";"Член фракции ""Единая Россия""";Член Комитета ГД по аграрным вопросам;02/12/2007;
Ишмуратова;Светлана;Ирековна;20/04/1972;"""Единая Россия""";"Член фракции ""Единая Россия""";Член Комитета ГД по физической культуре и спорту;02/12/2007;
Ищенко;Александр;Николаевич;9/07/1959;"""Единая Россия""";"Член фракции ""Единая Россия""";Член Комитета ГД по природным ресурсам, природопользованию и экологии;02/12/2007;
Кабаева;Алина;Маратовна;12/05/1983;"""Единая Россия""";"Член фракции ""Единая Россия""";Заместитель председателя Комитета ГД по делам молодежи;02/12/2007;http://www.kabaeva-alina.ru/
Кабанова;Валентина;Викторовна;10/10/1951;"""Единая Россия""";"Член фракции ""Единая Россия""";Член Комитета ГД по Регламенту и организации работы Государственной Думы;21/05/2008;
Казаков;Виктор;Алексеевич;4/04/1949;"""Единая Россия""";"Член фракции ""Единая Россия""";Член Комитета ГД по природным ресурсам, природопользованию и экологии | Член Счетной комиссии ГД;02/12/2007;
Казарин;Виктор;Николаевич;10/03/1960;"""Единая Россия""";"Член фракции ""Единая Россия""";Член Комитета ГД по природным ресурсам, природопользованию и экологии;02/04/2010;
Калашников;Леонид;Иванович;6/08/1960;"""Коммунистическая партия Российской Федерации""";Член фракции Коммунистической партии Российской Федерации;Первый заместитель председателя Комитета ГД по международным делам;02/04/2010;
Камалов;Хамит;Искарович;9/11/1958;"""Единая Россия""";"Член фракции ""Единая Россия""";Член Комитета ГД по бюджету и налогам;02/12/2007;
Капков;Сергей;Александрович;10/12/1975;"""Единая Россия""";"Член фракции ""Единая Россия""";Первый заместитель председателя Комитета ГД по информационной политике, информационным технологиям и связи;02/12/2007;
Карабасов;Юрий;Сергеевич;12/06/1939;"""Единая Россия""";"Член фракции ""Единая Россия""";Первый заместитель председателя Комитета ГД по образованию;02/12/2007;
Карелин;Александр;Александрович;19/09/1967;"""Единая Россия""";"Член фракции ""Единая Россия""";Член Комитета ГД по международным делам;02/12/2007;
Карелова;Галина;Николаевна;29/06/1950;"""Единая Россия""";"Член фракции ""Единая Россия""";Заместитель председателя Комитета ГД по бюджету и налогам;02/12/2007;
Кармазина;Раиса;Васильевна;9/01/1951;"""Единая Россия""";"Член фракции ""Единая Россия""";Член Комитета ГД по бюджету и налогам;02/12/2007;http://www.karmazina.ru/
Карпович;Наталья;Николаевна;19/09/1972;"""Единая Россия""";"Член фракции ""Единая Россия""";Первый заместитель председателя Комитета ГД по вопросам семьи, женщин и детей;02/12/2007;
Касьянов;Игорь;Николаевич;27/06/1961;"""Справедливая Россия: родина/пенсионеры/жизнь""";"Член фракции ""Справедливая Россия""";Член Комитета ГД по экономической политике и предпринимательству;02/12/2007;
Кауфман;Юрий;Алексеевич;23/07/1949;"""Единая Россия""";"Член фракции ""Единая Россия""";Член Комитета ГД по делам общественных объединений и религиозных организаций;02/12/2007;http://www.fpok.ru/duma.html/
Кашин;Борис;Сергеевич;3/07/1951;"""Коммунистическая партия Российской Федерации""";Член фракции Коммунистической партии Российской Федерации;Член Комитета ГД по финансовому рынку;02/12/2007;
Кашин;Владимир;Иванович;10/08/1948;"""Коммунистическая партия Российской Федерации""";Член фракции Коммунистической партии Российской Федерации;Заместитель председателя Комитета ГД по природным ресурсам, природопользованию и экологии;02/12/2007;
Квитка;Иван;Иванович;4/05/1967;"""Единая Россия""";"Член фракции ""Единая Россия""";Заместитель председателя Комитета ГД по промышленности;02/12/2007;
Кидяев;Виктор;Борисович;9/07/1956;"""Единая Россия""";"Член фракции ""Единая Россия""";Первый заместитель председателя Комитета ГД по вопросам местного самоуправления;22/05/2009;
Киекбаев;Мурат;Джелилович;30/10/1959;"""Единая Россия""";"Член фракции ""Единая Россия""";Член Комитета ГД по делам национальностей;02/12/2007;
Клименко;Владимир;Витальевич;18/09/1954;"""Единая Россия""";"Член фракции ""Единая Россия""";Первый заместитель председателя Комитета ГД по транспорту;02/12/2007;
Климов;Андрей;Аркадьевич;9/11/1954;"""Единая Россия""";"Член фракции ""Единая Россия""";Заместитель председателя Комитета ГД по международным делам;02/12/2007;http://www.klimow.ru/
Клинцевич;Франц;Адамович;15/06/1957;"""Единая Россия""";"Член фракции ""Единая Россия""";Первый заместитель председателя Комитета ГД по делам ветеранов;02/12/2007;
Клюкин;Александр;Николаевич;5/07/1957;"""Единая Россия""";"Член фракции ""Единая Россия""";Член Комитета ГД по международным делам | Член Счетной комиссии ГД;02/12/2007;http://www.anklyukin.ru/
Кнорр;Андрей;Филиппович;11/05/1957;"""Единая Россия""";"Член фракции ""Единая Россия""";Член Комитета ГД по аграрным вопросам;02/12/2007;http://www.knorraf.ru/
Кобзон;Иосиф;Давыдович;11/09/1937;"""Единая Россия""";"Член фракции ""Единая Россия""";Член Комитета ГД по информационной политике, информационным технологиям и связи;02/12/2007;
Ковалев;Николай;Дмитриевич;6/08/1949;"""Единая Россия""";"Член фракции ""Единая Россия""";Председатель Комитета ГД по делам ветеранов;02/12/2007;
Коган;Александр;Борисович;26/02/1969;"""Единая Россия""";"Член фракции ""Единая Россия""";Заместитель председателя Комитета ГД по бюджету и налогам;02/12/2007;http://www.abkogan.ru/
Коган;Юрий;Владимирович;20/11/1950;"""Либерально-демократическая партия России""";"Член фракции ""Либерально-демократическая партия России""";Член Комитета ГД по собственности;02/12/2007;
Козерадский;Анатолий;Александрович;3/03/1948;"""Единая Россия""";"Член фракции ""Единая Россия""";Член Комитета ГД по делам Содружества Независимых Государств и связям с соотечественниками;02/12/2007;
Козловский;Александр;Александрович;1/09/1944;"""Единая Россия""";"Член фракции ""Единая Россия""";Заместитель председателя Комитета ГД по международным делам;02/12/2007;
Кокошин;Андрей;Афанасьевич;26/10/1945;"""Единая Россия""";"Заместитель руководителя фракции ""Единая Россия""";Первый заместитель председателя Комитета ГД по науке и наукоемким технологиям;02/12/2007;
Колесников;Владимир;Ильич;14/05/1948;"""Единая Россия""";"Член фракции ""Единая Россия""";Заместитель председателя Комитета ГД по безопасности | Заместитель председателя Комиссии ГД по законодательному обеспечению противодействия коррупции | Член Комиссии ГД по рассмотрению расходов федерального бюджета, направленных на обеспечение обороны и государственной безопасности РФ;02/12/2007;
Колесников;Олег;Алексеевич;11/09/1968;"""Либерально-демократическая партия России""";"Член фракции ""Либерально-демократическая партия России""";Член Комитета ГД по аграрным вопросам;02/12/2007;
Колесников;Сергей;Иванович;1/06/1950;"""Единая Россия""";"Член фракции ""Единая Россия""";Заместитель председателя Комитета ГД по охране здоровья;02/12/2007;http://www.kolesnikov-science.ru/
Коломейцев;Виктор;Андреевич;1/06/1953;"""Коммунистическая партия Российской Федерации""";Член фракции Коммунистической партии Российской Федерации;Член Комитета ГД по бюджету и налогам;02/12/2007;
Коломейцев;Николай;Васильевич;1/09/1956;"""Коммунистическая партия Российской Федерации""";Член фракции Коммунистической партии Российской Федерации;Член Комитета ГД по труду и социальной политике;02/12/2007;
Комаров;Фоат;Фагимович;26/06/1958;"""Единая Россия""";"Член фракции ""Единая Россия""";Заместитель председателя Комитета ГД по транспорту;02/12/2007;
Комиссаров;Валерий;Яковлевич;12/04/1965;"""Единая Россия""";"Член фракции ""Единая Россия""";Председатель Комитета ГД по информационной политике, информационным технологиям и связи;02/12/2007;http://www.duma.gov.ru/komissarov/
Комоедов;Владимир;Петрович;14/08/1950;"""Коммунистическая партия Российской Федерации""";Член фракции Коммунистической партии Российской Федерации;Член Комитета ГД по обороне | Член Комиссии ГД по рассмотрению расходов федерального бюджета, направленных на обеспечение обороны и государственной безопасности РФ;02/12/2007;
Кондакова;Елена;Владимировна;30/03/1957;"""Единая Россия""";"Член фракции ""Единая Россия""";Член Комитета ГД по бюджету и налогам;02/12/2007;
Кондратов;Руслан;Викторович;9/06/1972;"""Единая Россия""";"Член фракции ""Единая Россия""";Член Комитета ГД по международным делам;02/12/2007;
Копылов;Василий;Васильевич;24/11/1967;"""Единая Россия""";"Член фракции ""Единая Россия""";Член Комитета ГД по бюджету и налогам | Член Комиссии ГД по рассмотрению расходов федерального бюджета, направленных на обеспечение обороны и государственной безопасности РФ;02/12/2007;
Корендясев;Анатолий;Александрович;28/02/1946;"""Единая Россия""";"Член фракции ""Единая Россия""";Заместитель председателя Комитета ГД по делам Содружества Независимых Государств и связям с соотечественниками;02/12/2007;
Коржаков;Александр;Васильевич;31/01/1950;"""Единая Россия""";"Член фракции ""Единая Россия""";Член Комитета ГД по обороне;02/12/2007;
Корниенко;Алексей;Викторович;22/07/1976;"""Коммунистическая партия Российской Федерации""";Член фракции Коммунистической партии Российской Федерации;Член Комитета ГД по строительству и земельным отношениям;02/12/2007;
Корнилов;Валерий;Александрович;6/03/1964;"""Единая Россия""";"Член фракции ""Единая Россия""";Член Комитета ГД по промышленности;02/12/2007;
Коробов;Максим;Леонидович;3/12/1957;"""Единая Россия""";"Член фракции ""Единая Россия""";Член Комитета ГД по транспорту;02/12/2007;
Косачев;Константин;Иосифович;17/09/1962;"""Единая Россия""";"Член фракции ""Единая Россия""";Председатель Комитета ГД по международным делам;02/12/2007;
Кравченко;Валерий;Николаевич;1/01/1947;"""Единая Россия""";"Член фракции ""Единая Россия""";Член Комитета ГД по транспорту;02/12/2007;
Крашенинников;Павел;Владимирович;21/06/1964;"""Единая Россия""";"Член фракции ""Единая Россия""";Председатель Комитета ГД по гражданскому, уголовному, арбитражному и процессуальному законодательству;02/12/2007;
Кузнецов;Василий;Федотович;13/02/1947;"""Единая Россия""";"Член фракции ""Единая Россия""";Член Комитета ГД по бюджету и налогам;02/12/2007;http://www.kuznecov.ru/
Кузьмина;Алла;Владимировна;23/05/1963;"""Справедливая Россия: родина/пенсионеры/жизнь""";"Член фракции ""Справедливая Россия""";Заместитель председателя Комитета ГД по делам общественных объединений и религиозных организаций;02/12/2007;
Кузьмичева;Екатерина;Ивановна;16/01/1955;"""Единая Россия""";"Член фракции ""Единая Россия""";Член Комитета ГД по образованию;02/12/2007;
Кулик;Геннадий;Васильевич;20/01/1935;"""Единая Россия""";"Член фракции ""Единая Россия""";Заместитель председателя Комитета ГД по бюджету и налогам;02/12/2007;
Куликов;Александр;Дмитриевич;3/12/1950;"""Коммунистическая партия Российской Федерации""";Член фракции Коммунистической партии Российской Федерации;Член Комитета ГД по безопасности | Член Комиссии ГД по рассмотрению расходов федерального бюджета, направленных на обеспечение обороны и государственной безопасности РФ | Член Комиссии ГД по законодательному обеспечению противодействия коррупции;02/12/2007;
Куликов;Олег;Анатольевич;28/01/1946;"""Коммунистическая партия Российской Федерации""";Член фракции Коммунистической партии Российской Федерации;Член Комитета ГД по охране здоровья;02/12/2007;
Кульмухаметов;Энгельс;Варисович;1/10/1951;"""Единая Россия""";"Член фракции ""Единая Россия""";Член Комитета ГД по безопасности;02/12/2007;
Купцов;Валентин;Александрович;4/12/1937;"""Коммунистическая партия Российской Федерации""";Член фракции Коммунистической партии Российской Федерации;Председатель Комитета ГД по делам национальностей;02/12/2007;http://www.duma.gov.ru/kuptcov/
Кущев;Вячеслав;Митрофанович;25/12/1948;"""Единая Россия""";"Член фракции ""Единая Россия""";Член Комитета ГД по культуре;02/12/2007;http://www.kushchev.ru/
Лазарев;Георгий;Геннадьевич;11/09/1952;"""Единая Россия""";"Член фракции ""Единая Россия""";Член Комитета ГД по экономической политике и предпринимательству;02/12/2007;
Лахова;Екатерина;Филипповна;26/05/1948;"""Единая Россия""";"Член фракции ""Единая Россия""";Заместитель председателя Комитета ГД по труду и социальной политике;02/12/2007;
Лебедев;Андрей;Ярославович;29/07/1962;"""Либерально-демократическая партия России""";"Член фракции ""Либерально-демократическая партия России""";Член Комитета ГД по безопасности;06/03/2008;
Лебедев;Игорь;Владимирович;27/09/1972;"""Либерально-демократическая партия России""";"Руководитель фракции ""Либерально-демократическая партия России""";Член Комитета ГД по конституционному законодательству и государственному строительству;02/12/2007;
Лебедев;Олег;Владимирович;21/03/1964;"""Единая Россия""";"Член фракции ""Единая Россия""";Член Комитета ГД по промышленности;02/12/2007;
Лебедь;Алексей;Иванович;14/04/1955;"""Единая Россия""";"Член фракции ""Единая Россия""";Член Комитета ГД по Регламенту и организации работы Государственной Думы;28/01/2009;
Левичев;Николай;Владимирович;28/05/1953;"""Справедливая Россия: родина/пенсионеры/жизнь""";"Руководитель фракции ""Справедливая Россия""";Член Комитета ГД по науке и наукоемким технологиям;02/12/2007;http://www.levichev.info/
Левченко;Сергей;Георгиевич;2/11/1953;"""Коммунистическая партия Российской Федерации""";Член фракции Коммунистической партии Российской Федерации;Член Комитета ГД по энергетике;02/12/2007;
Лекарева;Вера;Александровна;4/01/1948;"""Справедливая Россия: родина/пенсионеры/жизнь""";"Член фракции ""Справедливая Россия""";Член Комитета ГД по бюджету и налогам;02/12/2007;
Леонтьев;Георгий;Карпеевич;14/04/1951;"""Единая Россия""";"Член фракции ""Единая Россия""";Член Комитета ГД по энергетике | Член Комиссии ГД по мандатным вопросам и вопросам депутатской этики;02/12/2007;
Липатов;Юрий;Александрович;14/06/1953;"""Единая Россия""";"Член фракции ""Единая Россия""";Председатель Комитета ГД по энергетике | Член Комиссии ГД по законодательному обеспечению деятельности субъектов естественных монополий, государственных корпораций и коммерческих организаций с государственным участием;02/12/2007;
Лисицын;Анатолий;Иванович;26/06/1947;"""Единая Россия""";"Член фракции ""Единая Россия""";Член Комитета ГД по транспорту;02/12/2007;
Локоть;Анатолий;Евгеньевич;18/01/1959;"""Коммунистическая партия Российской Федерации""";Член фракции Коммунистической партии Российской Федерации;Член Комитета ГД по вопросам местного самоуправления | Член Счетной комиссии ГД;02/12/2007;
Ломакин-Румянцев;Александр;Вадимович;19/12/1954;"""Справедливая Россия: родина/пенсионеры/жизнь""";"Член фракции ""Справедливая Россия""";Член Комитета ГД по труду и социальной политике;02/12/2007;
Луговой;Андрей;Константинович;19/09/1966;"""Либерально-демократическая партия России""";"Член фракции ""Либерально-демократическая партия России""";Член Комитета ГД по безопасности;02/12/2007;http://www.aklugovoy.ru/
Лукьянова;Кира;Александровна;23/11/1962;"""Справедливая Россия: родина/пенсионеры/жизнь""";"Член фракции ""Справедливая Россия""";Член Комитета ГД по экономической политике и предпринимательству;02/12/2007;
Макаров;Андрей;Михайлович;22/07/1954;"""Единая Россия""";"Член фракции ""Единая Россия""";Заместитель председателя Комитета ГД по бюджету и налогам;02/12/2007;
Максимова;Надежда;Сергеевна;13/01/1942;"""Единая Россия""";"Член фракции ""Единая Россия""";Член Комитета ГД по бюджету и налогам | Член Счетной комиссии ГД | Член Комиссии ГД по рассмотрению расходов федерального бюджета, направленных на обеспечение обороны и государственной безопасности РФ;02/12/2007;
Малашенко;Виктор;Александрович;19/01/1955;"""Единая Россия""";"Член фракции ""Единая Россия""";Член Комитета ГД по делам Содружества Независимых Государств и связям с соотечественниками;02/12/2007;http://www.vmalashenko.ru/
Малеев;Валерий;Геннадьевич;28/05/1964;"""Единая Россия""";"Член фракции ""Единая Россия""";Заместитель председателя Комитета ГД по природным ресурсам, природопользованию и экологии | Член Счетной комиссии ГД;02/12/2007;
Мальчихин;Валерий;Андреевич;31/08/1946;"""Единая Россия""";"Член фракции ""Единая Россия""";Член Комитета ГД по природным ресурсам, природопользованию и экологии;02/12/2007;
Манаров;Муса;Хираманович;22/03/1951;"""Единая Россия""";"Член фракции ""Единая Россия""";Член Комитета ГД по обороне | Член Комиссии ГД по рассмотрению расходов федерального бюджета, направленных на обеспечение обороны и государственной безопасности РФ;02/12/2007;
Маркин;Эдуард;Витальевич;19/12/1968;"""Либерально-демократическая партия России""";"Член фракции ""Либерально-демократическая партия России""";Член Комитета ГД по финансовому рынку;02/12/2007;
Марков;Владимир;Константинович;4/10/1955;"""Единая Россия""";"Член фракции ""Единая Россия""";Член Комитета ГД по энергетике;02/12/2007;
Марков;Сергей;Александрович;18/04/1958;"""Единая Россия""";"Член фракции ""Единая Россия""";Заместитель председателя Комитета ГД по делам общественных объединений и религиозных организаций;02/12/2007;
Матханов;Владимир;Эдуардович;1/08/1972;"""Единая Россия""";"Член фракции ""Единая Россия""";Член Комитета ГД по природным ресурсам, природопользованию и экологии;02/12/2007;
Медведев;Евгений;Николаевич;12/11/1964;"""Единая Россия""";"Член фракции ""Единая Россия""";Член Комитета ГД по экономической политике и предпринимательству;02/12/2007;
Медведев;Павел;Алексеевич;13/08/1940;"""Единая Россия""";"Член фракции ""Единая Россия""";Член Комитета ГД по финансовому рынку;02/12/2007;http://pavelmedvedev.ru/
Медведев;Юрий;Германович;25/08/1949;"""Единая Россия""";"Член фракции ""Единая Россия""";Заместитель председателя Комитета ГД по собственности;02/12/2007;http://www.duma.gov.ru/medvedev/
Мединский;Владимир;Ростиславович;18/07/1970;"""Единая Россия""";"Член фракции ""Единая Россия""";Член Комитета ГД по экономической политике и предпринимательству | Член Комиссии ГД по законодательному обеспечению деятельности субъектов естественных монополий, государственных корпораций и коммерческих организаций с государственным участием;02/12/2007;http://www.duma.gov.ru/medinskiy/
Мельников;Иван;Иванович;7/08/1950;"""Коммунистическая партия Российской Федерации""";Член фракции Коммунистической партии Российской Федерации;Заместитель Председателя ГД | Член Комитета ГД по образованию;02/12/2007;
Мизулина;Елена;Борисовна;9/12/1954;"""Справедливая Россия: родина/пенсионеры/жизнь""";"Член фракции ""Справедливая Россия""";Председатель Комитета ГД по вопросам семьи, женщин и детей;02/12/2007;
Михалев;Борис;Владимирович;3/01/1960;"""Единая Россия""";"Член фракции ""Единая Россия""";Член Комитета ГД по Регламенту и организации работы Государственной Думы;16/12/2009;
Михеев;Олег;Леонидович;1/11/1967;"""Справедливая Россия: родина/пенсионеры/жизнь""";"Член фракции ""Справедливая Россия""";Член Комитета ГД по финансовому рынку;02/12/2007;
Мищенко;Максим;Николаевич;9/07/1977;"""Единая Россия""";"Член фракции ""Единая Россия""";Член Комитета ГД по делам молодежи;02/12/2007;
Морозов;Андрей;Андреевич;2/07/1952;"""Единая Россия""";"Член фракции ""Единая Россия""";Член Комитета ГД по промышленности;02/12/2007;
Морозов;Олег;Викторович;5/11/1953;"""Единая Россия""";"Заместитель руководителя фракции ""Единая Россия""";Первый заместитель Председателя ГД | Член Комитета ГД по бюджету и налогам;02/12/2007;http://www.morozov-ov.ru/
Москалец;Александр;Петрович;25/05/1947;"""Единая Россия""";"Член фракции ""Единая Россия""";Первый заместитель председателя Комитета ГД по конституционному законодательству и государственному строительству;02/12/2007;
Москалькова;Татьяна;Николаевна;30/05/1955;"""Справедливая Россия: родина/пенсионеры/жизнь""";"Член фракции ""Справедливая Россия""";Заместитель председателя Комитета ГД по делам Содружества Независимых Государств и связям с соотечественниками;02/12/2007;
Музыкаев;Аднан;Абдулаевич;8/03/1959;"""Справедливая Россия: родина/пенсионеры/жизнь""";"Член фракции ""Справедливая Россия""";Член Комитета ГД по финансовому рынку;02/12/2007;
Мукабенова;Марина;Алексеевна;20/03/1982;"""Единая Россия""";"Член фракции ""Единая Россия""";Член Комитета ГД по вопросам семьи, женщин и детей;02/12/2007;
Муравленко;Сергей;Викторович;2/03/1950;"""Коммунистическая партия Российской Федерации""";Член фракции Коммунистической партии Российской Федерации;Член Комитета ГД по природным ресурсам, природопользованию и экологии;02/12/2007;
Мурзабаева;Салия;Шарифьяновна;13/09/1957;"""Единая Россия""";"Член фракции ""Единая Россия""";Член Комитета ГД по охране здоровья;02/12/2007;
Мусалимов;Николай;Николаевич;20/07/1953;"""Единая Россия""";"Член фракции ""Единая Россия""";Член Комитета ГД по делам Федерации и региональной политике;02/12/2007;
Мусатов;Михаил;Иванович;23/08/1950;"""Либерально-демократическая партия России""";"Член фракции ""Либерально-демократическая партия России""";Член Комитета ГД по обороне | Член Комиссии ГД по рассмотрению расходов федерального бюджета, направленных на обеспечение обороны и государственной безопасности РФ;02/12/2007;
Муслимов;Ильяз;Булатович;14/02/1963;"""Единая Россия""";"Член фракции ""Единая Россия""";Заместитель председателя Комитета ГД по информационной политике, информационным технологиям и связи;02/12/2007;
Муцоев;Зелимхан;Аликоевич;13/10/1959;"""Единая Россия""";"Член фракции ""Единая Россия""";Заместитель председателя Комитета ГД по международным делам;02/12/2007;http://www.duma.gov.ru/mutsoev/
Назаров;Андрей;Геннадьевич;28/04/1970;"""Единая Россия""";"Член фракции ""Единая Россия""";Заместитель председателя Комитета ГД по гражданскому, уголовному, арбитражному и процессуальному законодательству;02/12/2007;http://www.anazarov.ru/
Напсо;Юрий;Аисович;17/04/1973;"""Либерально-демократическая партия России""";"Член фракции ""Либерально-демократическая партия России""";Заместитель председателя Комитета ГД по гражданскому, уголовному, арбитражному и процессуальному законодательству;02/12/2007;
Неверов;Сергей;Иванович;21/12/1961;"""Единая Россия""";"Член фракции ""Единая Россия""";Член Комитета ГД по образованию;02/12/2007;
Ненашев;Михаил;Петрович;18/03/1960;"""Единая Россия""";"Член фракции ""Единая Россия""";Член Комитета ГД по обороне;02/12/2007;http://www.rosflot.ru/
Нефедов;Виктор;Леонидович;2/05/1959;"""Единая Россия""";"Член фракции ""Единая Россия""";Член Комитета ГД по аграрным вопросам;02/12/2007;
Никитин;Владимир;Степанович;5/04/1948;"""Коммунистическая партия Российской Федерации""";Член фракции Коммунистической партии Российской Федерации;Член Комитета ГД по делам Содружества Независимых Государств и связям с соотечественниками;02/12/2007;
Никонов;Борис;Иванович;3/09/1946;"""Единая Россия""";"Член фракции ""Единая Россия""";Член Комитета ГД по природным ресурсам, природопользованию и экологии;02/12/2007;
Новиков;Дмитрий;Георгиевич;12/09/1969;"""Коммунистическая партия Российской Федерации""";Член фракции Коммунистической партии Российской Федерации;Член Комитета ГД по культуре;02/12/2007;
Новикова;Клавдия;Николаевна;7/03/1957;"""Единая Россия""";"Член фракции ""Единая Россия""";Член Комитета ГД по труду и социальной политике;02/12/2007;
Носкова;Ольга;Владимировна;14/06/1955;"""Единая Россия""";"Член фракции ""Единая Россия""";Член Комитета ГД по информационной политике, информационным технологиям и связи;02/12/2007;
Нюдюрбегов;Асан;Нюдюрбегович;13/02/1961;"""Единая Россия""";"Член фракции ""Единая Россия""";Член Комитета ГД по природным ресурсам, природопользованию и экологии;02/12/2007;http://www.nudurbegov.ru/
Обухов;Сергей;Павлович;5/10/1958;"""Коммунистическая партия Российской Федерации""";Член фракции Коммунистической партии Российской Федерации;Член Комитета ГД по делам общественных объединений и религиозных организаций;02/12/2007;
Озеров;Сергей;Павлович;12/04/1955;"""Единая Россия""";"Член фракции ""Единая Россия""";Член Комитета ГД по экономической политике и предпринимательству;02/12/2007;
Ольшанский;Николай;Михайлович;19/04/1939;"""Единая Россия""";"Член фракции ""Единая Россия""";Член Комитета ГД по образованию;02/12/2007;http://www.duma.gov.ru/olshansky/
Онищенко;Ольга;Владимировна;15/07/1972;"""Единая Россия""";"Член фракции ""Единая Россия""";Член Комитета ГД по финансовому рынку;02/12/2007;
Осадчий;Сергей;Юрьевич;10/09/1960;"""Единая Россия""";"Член фракции ""Единая Россия""";Заместитель председателя Комитета ГД по природным ресурсам, природопользованию и экологии;02/12/2007;
Осипов;Вячеслав;Константинович;29/08/1937;"""Единая Россия""";"Член фракции ""Единая Россия""";Заместитель председателя Комитета ГД по науке и наукоемким технологиям;02/12/2007;
Останина;Нина;Александровна;26/12/1955;"""Коммунистическая партия Российской Федерации""";Член фракции Коммунистической партии Российской Федерации;Член Комитета ГД по вопросам семьи, женщин и детей;02/12/2007;
Островский;Алексей;Владимирович;14/01/1976;"""Либерально-демократическая партия России""";"Член фракции ""Либерально-демократическая партия России""";Председатель Комитета ГД по делам Содружества Независимых Государств и связям с соотечественниками;02/12/2007;
Острягин;Анатолий;Иванович;24/02/1950;"""Единая Россия""";"Член фракции ""Единая Россия""";Заместитель председателя Комитета ГД по делам национальностей;02/12/2007;
Панина;Елена;Владимировна;29/04/1948;"""Единая Россия""";"Член фракции ""Единая Россия""";Заместитель председателя Комитета ГД по промышленности;02/12/2007;
Панков;Николай;Васильевич;5/01/1965;"""Единая Россия""";"Член фракции ""Единая Россия""";Заместитель председателя Комитета ГД по конституционному законодательству и государственному строительству | Член Комиссии ГД по мандатным вопросам и вопросам депутатской этики;02/12/2007;
Панов;Валерий;Викторович;1/03/1961;"""Единая Россия""";"Член фракции ""Единая Россия""";Первый заместитель председателя Комитета ГД по строительству и земельным отношениям;02/12/2007;
Паутов;Виктор;Николаевич;5/07/1953;"""Коммунистическая партия Российской Федерации""";Член фракции Коммунистической партии Российской Федерации;Член Комитета ГД по бюджету и налогам;02/12/2007;
Пекарев;Владимир;Янович;4/11/1958;"""Единая Россия""";"Член фракции ""Единая Россия""";Член Комитета ГД по Регламенту и организации работы Государственной Думы;02/12/2007;
Пекпеев;Сергей;Тимурович;4/09/1956;"""Единая Россия""";"Член фракции ""Единая Россия""";Член Комитета ГД по делам Федерации и региональной политике;02/12/2007;
Пепеляева;Лиана;Витальевна;9/12/1965;"""Единая Россия""";"Член фракции ""Единая Россия""";Заместитель председателя Комитета ГД по финансовому рынку;02/12/2007;http://www.duma.gov.ru/pepelyaeva/
Песковская;Юлия;Анатольевна;10/07/1956;"""Единая Россия""";"Член фракции ""Единая Россия""";Член Комитета ГД по труду и социальной политике;02/12/2007;
Петров;Сергей;Анатольевич;16/08/1954;"""Справедливая Россия: родина/пенсионеры/жизнь""";"Член фракции ""Справедливая Россия""";Член Комитета ГД по бюджету и налогам;02/12/2007;
Петров;Сергей;Валериевич;19/04/1965;"""Единая Россия""";"Член фракции ""Единая Россия""";Член Комитета ГД по строительству и земельным отношениям | Член Комиссии ГД по рассмотрению расходов федерального бюджета, направленных на обеспечение обороны и государственной безопасности РФ;02/12/2007;
Пехтин;Владимир;Алексеевич;9/12/1950;"""Единая Россия""";"Первый заместитель руководителя фракции ""Единая Россия""";Председатель Комиссии ГД по законодательному обеспечению деятельности субъектов естественных монополий, государственных корпораций и коммерческих организаций с государственным участием | Член Комитета ГД по бюджету и налогам;02/12/2007;
Пивненко;Валентина;Николаевна;14/06/1947;"""Единая Россия""";"Член фракции ""Единая Россия""";Председатель Комитета ГД по проблемам Севера и Дальнего Востока;02/12/2007;http://pivnenko.karelia.ru/
Питкевич;Михаил;Юрьевич;19/02/1979;"""Либерально-демократическая партия России""";"Член фракции ""Либерально-демократическая партия России""";Заместитель председателя Комитета ГД по промышленности;02/12/2007;
Плахотников;Алексей;Михайлович;12/09/1958;"""Единая Россия""";"Член фракции ""Единая Россия""";Член Комитета ГД по собственности;02/12/2007;http://www.plakhotnikov.ru/
Плескачевский;Виктор;Семенович;27/09/1956;"""Единая Россия""";"Член фракции ""Единая Россия""";Председатель Комитета ГД по собственности;02/12/2007;
Плетнева;Тамара;Васильевна;22/11/1947;"""Коммунистическая партия Российской Федерации""";Член фракции Коммунистической партии Российской Федерации;Заместитель председателя Комитета ГД по делам ветеранов;02/12/2007;
Плигин;Владимир;Николаевич;19/05/1960;"""Единая Россия""";"Член фракции ""Единая Россия""";Председатель Комитета ГД по конституционному законодательству и государственному строительству;02/12/2007;
Пономарёв;Алексей;Алексеевич;22/03/1942;"""Коммунистическая партия Российской Федерации""";Член фракции Коммунистической партии Российской Федерации;Член Комитета ГД по Регламенту и организации работы Государственной Думы;02/12/2007;
Пономарев;Илья;Владимирович;6/08/1975;"""Справедливая Россия: родина/пенсионеры/жизнь""";"Член фракции ""Справедливая Россия""";Член Комитета ГД по информационной политике, информационным технологиям и связи;02/12/2007;
Попов;Александр;Васильевич;9/05/1947;"""Единая Россия""";"Член фракции ""Единая Россия""";Первый заместитель председателя Комиссии ГД по мандатным вопросам и вопросам депутатской этики | Член Комитета ГД по Регламенту и организации работы Государственной Думы;02/12/2007;
Попов;Сергей;Александрович;21/07/1949;"""Единая Россия""";"Член фракции ""Единая Россия""";Председатель Комитета ГД по делам общественных объединений и религиозных организаций;02/12/2007;
Прозоровский;Валерий;Владимирович;24/04/1953;"""Единая Россия""";"Член фракции ""Единая Россия""";Первый заместитель председателя Комитета ГД по природным ресурсам, природопользованию и экологии;02/12/2007;http://www.prozorovsky.ru/
Пугачева;Наталья;Васильевна;26/10/1953;"""Единая Россия""";"Член фракции ""Единая Россия""";Член Комитета ГД по бюджету и налогам;02/12/2007;http://www.pugachevanv.ru/
Пузанов;Игорь;Евгеньевич;31/01/1947;"""Единая Россия""";"Член фракции ""Единая Россия""";Член Комитета ГД по обороне | Член Комиссии ГД по рассмотрению расходов федерального бюджета, направленных на обеспечение обороны и государственной безопасности РФ;02/12/2007;
Разворотнев;Николай;Васильевич;9/04/1954;"""Коммунистическая партия Российской Федерации""";Член фракции Коммунистической партии Российской Федерации;Член Комитета ГД по образованию;02/12/2007;
Расторгуев;Николай;Вячеславович;21/02/1957;"""Единая Россия""";"Член фракции ""Единая Россия""";Член Комитета ГД по культуре;03/02/2010;
Рашкин;Валерий;Федорович;14/03/1955;"""Коммунистическая партия Российской Федерации""";Член фракции Коммунистической партии Российской Федерации;Член Комитета ГД по Регламенту и организации работы Государственной Думы | Член Комиссии ГД по мандатным вопросам и вопросам депутатской этики;02/12/2007;
Резник;Борис;Львович;12/02/1940;"""Единая Россия""";"Член фракции ""Единая Россия""";Заместитель председателя Комитета ГД по информационной политике, информационным технологиям и связи;02/12/2007;
Резник;Владислав;Матусович;17/05/1954;"""Единая Россия""";"Заместитель руководителя фракции ""Единая Россия""";Председатель Комитета ГД по финансовому рынку;02/12/2007;
Решульский;Сергей;Николаевич;21/09/1951;"""Коммунистическая партия Российской Федерации""";Первый заместитель руководителя фракции Коммунистической партии Российской Федерации;Член Комитета ГД по делам Федерации и региональной политике;02/12/2007;
Роднина;Ирина;Константиновна;12/09/1949;"""Единая Россия""";"Член фракции ""Единая Россия""";Заместитель председателя Комитета ГД по образованию;02/12/2007;
Рожков;Игорь;Анатольевич;3/02/1956;"""Либерально-демократическая партия России""";"Член фракции ""Либерально-демократическая партия России""";Заместитель председателя Комитета ГД по транспорту;02/12/2007;
Розуван;Алексей;Михайлович;9/11/1947;"""Единая Россия""";"Член фракции ""Единая Россия""";Член Комитета ГД по безопасности | Член Комиссии ГД по мандатным вопросам и вопросам депутатской этики;02/12/2007;http://www.rozyvan.ru/
Романов;Валентин;Степанович;29/10/1937;"""Коммунистическая партия Российской Федерации""";Член фракции Коммунистической партии Российской Федерации;Член Комитета ГД по экономической политике и предпринимательству;02/12/2007;
Романов;Петр;Васильевич;21/07/1943;"""Коммунистическая партия Российской Федерации""";Член фракции Коммунистической партии Российской Федерации;Заместитель председателя Комитета ГД по проблемам Севера и Дальнего Востока;02/12/2007;
Рохмистров;Максим;Станиславович;5/01/1968;"""Либерально-демократическая партия России""";"Первый заместитель руководителя фракции ""Либерально-демократическая партия России""";Член Комитета ГД по собственности | Член Счетной комиссии ГД | Член Комиссии ГД по законодательному обеспечению деятельности субъектов естественных монополий, государственных корпораций и коммерческих организаций с государственным участием;02/12/2007;
Руденский;Игорь;Николаевич;11/09/1962;"""Единая Россия""";"Член фракции ""Единая Россия""";Заместитель председателя Комитета ГД по строительству и земельным отношениям;02/12/2007;http://www.rudenskiy.ru/
Русских;Алексей;Юрьевич;17/07/1968;"""Коммунистическая партия Российской Федерации""";Член фракции Коммунистической партии Российской Федерации;Заместитель председателя Комитета ГД по науке и наукоемким технологиям;02/12/2007;http://www.arusskih.ru/
Рыжак;Николай;Викторович;22/05/1945;"""Единая Россия""";"Член фракции ""Единая Россия""";Член Комитета ГД по бюджету и налогам;02/12/2007;http://www.ryzhak-gd.ru/
Рыков;Константин;Игоревич;27/05/1979;"""Единая Россия""";"Член фракции ""Единая Россия""";Член Комитета ГД по науке и наукоемким технологиям;02/12/2007;
Рябов;Николай;Федорович;20/03/1949;"""Коммунистическая партия Российской Федерации""";Член фракции Коммунистической партии Российской Федерации;Член Комитета ГД по промышленности;02/12/2007;http://ryabov-kprf.ru/
Рязанский;Валерий;Владимирович;4/12/1950;"""Единая Россия""";"Первый заместитель руководителя фракции ""Единая Россия""";Член Комитета ГД по образованию;02/12/2007;
Сабадаш;Алексей;Владиславович;28/12/1959;"""Единая Россия""";"Член фракции ""Единая Россия""";Член Комитета ГД по промышленности;02/12/2007;
Саблин;Дмитрий;Вадимович;5/09/1968;"""Единая Россия""";"Член фракции ""Единая Россия""";Первый заместитель председателя Комитета ГД по собственности;02/12/2007;
Саввиди;Иван;Игнатьевич;27/03/1959;"""Единая Россия""";"Член фракции ""Единая Россия""";Член Комитета ГД по международным делам;02/12/2007;http://www.savvidi.ru/
Савельев;Дмитрий;Владимирович;3/08/1968;"""Единая Россия""";"Член фракции ""Единая Россия""";Член Комитета ГД по бюджету и налогам;02/12/2007;
Савенко;Юрий;Алексеевич;26/05/1961;"""Единая Россия""";"Член фракции ""Единая Россия""";Первый заместитель председателя Комитета ГД по обороне | Сопредседатель Комиссии ГД по рассмотрению расходов федерального бюджета, направленных на обеспечение обороны и государственной безопасности РФ;02/12/2007;
Савицкая;Светлана;Евгеньевна;8/08/1948;"""Коммунистическая партия Российской Федерации""";Член фракции Коммунистической партии Российской Федерации;Заместитель председателя Комитета ГД по обороне | Член Комиссии ГД по рассмотрению расходов федерального бюджета, направленных на обеспечение обороны и государственной безопасности РФ;02/12/2007;
Савченко;Олег;Владимирович;25/10/1966;"""Единая Россия""";"Член фракции ""Единая Россия""";Член Комитета ГД по промышленности;02/12/2007;
Сагитов;Ринат;Шайхимансурович;27/03/1955;"""Единая Россия""";"Член фракции ""Единая Россия""";Член Комитета ГД по строительству и земельным отношениям;02/12/2007;
Салихов;Хафиз;Миргазямович;5/09/1950;"""Единая Россия""";"Член фракции ""Единая Россия""";Член Комитета ГД по экономической политике и предпринимательству;02/12/2007;
Самойлов;Евгений;Александрович;17/04/1978;"""Единая Россия""";"Член фракции ""Единая Россия""";Член Комитета ГД по бюджету и налогам;02/12/2007;
Сапожников;Николай;Иванович;5/08/1949;;Член фракции Коммунистической партии Российской Федерации;Член Комитета ГД по промышленности;16/04/2010;
Саркисян;Аркадий;Рафикович;23/02/1959;"""Либерально-демократическая партия России""";"Член фракции ""Либерально-демократическая партия России""";Член Комитета ГД по безопасности | Член Комиссии ГД по рассмотрению расходов федерального бюджета, направленных на обеспечение обороны и государственной безопасности РФ;02/12/2007;
Сарычев;Александр;Викторович;27/03/1952;"""Единая Россия""";"Член фракции ""Единая Россия""";Заместитель председателя Комитета ГД по вопросам местного самоуправления;02/12/2007;
Сафаралиев;Гаджимет;Керимович;26/06/1950;"""Единая Россия""";"Член фракции ""Единая Россия""";Заместитель председателя Комитета ГД по образованию;02/12/2007;
Свердлов;Юрий;Владимирович;6/05/1972;"""Единая Россия""";"Член фракции ""Единая Россия""";Заместитель председателя Комитета ГД по строительству и земельным отношениям | Член Комиссии ГД по рассмотрению расходов федерального бюджета, направленных на обеспечение обороны и государственной безопасности РФ;02/12/2007;
Свечников;Петр;Григорьевич;1/11/1953;"""Коммунистическая партия Российской Федерации""";Член фракции Коммунистической партии Российской Федерации;Член Комитета ГД по аграрным вопросам;02/12/2007;
Свистунов;Аркадий;Николаевич;28/04/1965;"""Либерально-демократическая партия России""";"Член фракции ""Либерально-демократическая партия России""";Член Комитета ГД по финансовому рынку;02/12/2007;
Свищев;Дмитрий;Александрович;22/05/1969;"""Либерально-демократическая партия России""";"Член фракции ""Либерально-демократическая партия России""";Заместитель председателя Комитета ГД по физической культуре и спорту;02/12/2007;
Селезнев;Валерий;Сергеевич;5/09/1964;"""Либерально-демократическая партия России""";"Член фракции ""Либерально-демократическая партия России""";Член Комитета ГД по международным делам;02/12/2007;http://www.seleznev-vs.ru/
Семёнов;Виктор;Александрович;14/01/1958;"""Единая Россия""";"Член фракции ""Единая Россия""";Заместитель председателя Комитета ГД по Регламенту и организации работы Государственной Думы;02/12/2007;http://www.duma.gov.ru/semenov/
Семёнов;Владимир;Владиславович;20/04/1967;"""Либерально-демократическая партия России""";"Член фракции ""Либерально-демократическая партия России""";Член Комитета ГД по экономической политике и предпринимательству;02/12/2007;
Семёнова;Екатерина;Юрьевна;12/07/1972;"""Единая Россия""";"Член фракции ""Единая Россия""";Член Комитета ГД по собственности;02/12/2007;
Семенов;Павел;Владимирович;7/12/1976;"""Единая Россия""";"Член фракции ""Единая Россия""";Член Комитета ГД по делам Федерации и региональной политике;02/12/2007;
Сергеева;Гульнара;Ильдусовна;5/06/1960;"""Единая Россия""";"Член фракции ""Единая Россия""";Заместитель председателя Комитета ГД по делам Федерации и региональной политике;02/12/2007;http://www.sergeevagulnara.ru/
Серебров;Лев;Борисович;1/05/1939;"""Единая Россия""";"Член фракции ""Единая Россия""";Заместитель председателя Комитета ГД по делам ветеранов;02/12/2007;
Сибагатуллин;Фатих;Саубанович;1/05/1950;"""Единая Россия""";"Член фракции ""Единая Россия""";Член Комитета ГД по природным ресурсам, природопользованию и экологии;02/12/2007;
Симановский;Леонид;Яковлевич;19/07/1949;"""Единая Россия""";"Член фракции ""Единая Россия""";Первый заместитель председателя Комитета ГД по энергетике;02/12/2007;
Сихарулидзе;Антон;Тариэльевич;25/10/1976;"""Единая Россия""";"Член фракции ""Единая Россия""";Председатель Комитета ГД по физической культуре и спорту;02/12/2007;
Скоробогатько;Александр;Иванович;25/09/1967;"""Единая Россия""";"Член фракции ""Единая Россия""";Член Комитета ГД по гражданскому, уголовному, арбитражному и процессуальному законодательству;02/12/2007;
Скоч;Андрей;Владимирович;30/01/1966;"""Единая Россия""";"Член фракции ""Единая Россия""";Член Комитета ГД по промышленности;02/12/2007;
Слиска;Любовь;Константиновна;15/10/1953;"""Единая Россия""";"Заместитель руководителя фракции ""Единая Россия""";Заместитель Председателя ГД | Член Комитета ГД по безопасности | Член Комиссии ГД по рассмотрению расходов федерального бюджета, направленных на обеспечение обороны и государственной безопасности РФ;02/12/2007;
Слуцкий;Леонид;Эдуардович;4/01/1968;"""Либерально-демократическая партия России""";"Член фракции ""Либерально-демократическая партия России""";Первый заместитель председателя Комитета ГД по международным делам;02/12/2007;http://www.LSlutsky.ru/
Смолин;Олег;Николаевич;10/02/1952;"""Коммунистическая партия Российской Федерации""";Член фракции Коммунистической партии Российской Федерации;Заместитель председателя Комитета ГД по образованию;02/12/2007;http://www.smolin.ru/
Собко;Сергей;Васильевич;12/06/1949;"""Коммунистическая партия Российской Федерации""";Член фракции Коммунистической партии Российской Федерации;Председатель Комитета ГД по промышленности | Член Комиссии ГД по рассмотрению расходов федерального бюджета, направленных на обеспечение обороны и государственной безопасности РФ;02/12/2007;
Сокол;Святослав;Михайлович;22/03/1946;"""Коммунистическая партия Российской Федерации""";Член фракции Коммунистической партии Российской Федерации;Член Комитета ГД по строительству и земельным отношениям;02/12/2007;
Соколова;Ирина;Валерьевна;15/06/1956;"""Единая Россия""";"Член фракции ""Единая Россия""";Заместитель председателя Комитета ГД по вопросам семьи, женщин и детей;06/05/2009;
Соловьев;Александр;Александрович;26/07/1967;"""Единая Россия""";"Член фракции ""Единая Россия""";Член Комитета ГД по аграрным вопросам;17/12/2008;
Соловьев;Вадим;Георгиевич;29/07/1958;"""Коммунистическая партия Российской Федерации""";Член фракции Коммунистической партии Российской Федерации;Член Комитета ГД по конституционному законодательству и государственному строительству;02/12/2007;
Стальмахов;Владимир;Александрович;27/04/1970;"""Единая Россия""";"Член фракции ""Единая Россия""";Член Комитета ГД по безопасности;02/12/2007;
Стародубец;Анатолий;Сергеевич;9/10/1957;"""Единая Россия""";"Член фракции ""Единая Россия""";Член Комитета ГД по международным делам;02/12/2007;
Стародубцев;Василий;Александрович;25/12/1931;"""Коммунистическая партия Российской Федерации""";Член фракции Коммунистической партии Российской Федерации;Заместитель председателя Комиссии ГД по мандатным вопросам и вопросам депутатской этики | Член Комитета ГД по аграрным вопросам;02/12/2007;
Старшинов;Михаил;Евгеньевич;12/12/1971;"""Справедливая Россия: родина/пенсионеры/жизнь""";"Член фракции ""Справедливая Россия""";Член Комитета ГД по безопасности;02/12/2007;
Степанова;Зоя;Михайловна;6/07/1953;"""Единая Россия""";"Член фракции ""Единая Россия""";Заместитель председателя Комитета ГД по культуре;02/12/2007;http://www.duma.gov.ru/stepanova/
Сутягинский;Михаил;Александрович;1/01/1962;"""Единая Россия""";"Член фракции ""Единая Россия""";Член Комитета ГД по экономической политике и предпринимательству;02/12/2007;
Сысоев;Александр;Митрофанович;5/11/1951;"""Единая Россия""";"Член фракции ""Единая Россия""";Член Комитета ГД по аграрным вопросам;02/12/2007;
Тараканов;Павел;Владимирович;21/06/1982;"""Либерально-демократическая партия России""";"Член фракции ""Либерально-демократическая партия России""";Председатель Комитета ГД по делам молодежи;02/12/2007;
Таранин;Виктор;Иванович;19/02/1957;"""Единая Россия""";"Член фракции ""Единая Россия""";Член Комитета ГД по аграрным вопросам;02/12/2007;
Тарасенко;Михаил;Васильевич;21/11/1947;"""Единая Россия""";"Член фракции ""Единая Россия""";Член Комитета ГД по труду и социальной политике;02/12/2007;
Тарасюк;Василий;Михайлович;10/10/1948;"""Либерально-демократическая партия России""";"Член фракции ""Либерально-демократическая партия России""";Заместитель председателя Комитета ГД по вопросам местного самоуправления;02/12/2007;
Таскаев;Владимир;Павлович;10/09/1962;"""Либерально-демократическая партия России""";"Член фракции ""Либерально-демократическая партия России""";Член Комитета ГД по строительству и земельным отношениям | Член Комиссии ГД по законодательному обеспечению противодействия коррупции;02/12/2007;
Тепляков;Евгений;Нодариевич;9/08/1972;"""Либерально-демократическая партия России""";"Член фракции ""Либерально-демократическая партия России""";Член Комитета ГД по безопасности;02/12/2007;
Терентьев;Александр;Васильевич;1/01/1961;"""Справедливая Россия: родина/пенсионеры/жизнь""";"Член фракции ""Справедливая Россия""";Член Комитета ГД по строительству и земельным отношениям;02/12/2007;
Терентьев;Михаил;Борисович;14/05/1970;"""Единая Россия""";"Член фракции ""Единая Россия""";Член Комитета ГД по международным делам;02/12/2007;http://www.mterentiev.ru/
Тимченко;Вячеслав;Степанович;20/11/1955;"""Единая Россия""";"Член фракции ""Единая Россия""";Председатель Комитета ГД по вопросам местного самоуправления;02/12/2007;
Ткачев;Алексей;Николаевич;1/03/1957;"""Единая Россия""";"Член фракции ""Единая Россия""";Член Комитета ГД по транспорту;02/12/2007;
Толстопятов;Василий;Васильевич;17/09/1973;"""Единая Россия""";"Член фракции ""Единая Россия""";Член Комитета ГД по бюджету и налогам | Член Комиссии ГД по рассмотрению расходов федерального бюджета, направленных на обеспечение обороны и государственной безопасности РФ;02/12/2007;http://vtolstopyatov.ru/
Третьяк;Владислав;Александрович;25/04/1952;"""Единая Россия""";"Член фракции ""Единая Россия""";Первый заместитель председателя Комитета ГД по физической культуре и спорту;02/12/2007;
Туголуков;Евгений;Александрович;14/05/1970;"""Единая Россия""";"Член фракции ""Единая Россия""";Председатель Комитета ГД по природным ресурсам, природопользованию и экологии | Член Комиссии ГД по законодательному обеспечению деятельности субъектов естественных монополий, государственных корпораций и коммерческих организаций с государственным участием;02/12/2007;
Тумусов;Федот;Семёнович;30/06/1955;"""Справедливая Россия: родина/пенсионеры/жизнь""";"Член фракции ""Справедливая Россия""";Член Комитета ГД по охране здоровья;02/12/2007;
Тягунов;Александр;Александрович;31/05/1940;"""Единая Россия""";"Член фракции ""Единая Россия""";Заместитель председателя Комитета ГД по культуре | Член Счетной комиссии ГД;02/12/2007;http://www.duma.gov.ru/tyagunov/
Улас;Владимир;Дмитриевич;13/04/1960;"""Коммунистическая партия Российской Федерации""";Член фракции Коммунистической партии Российской Федерации;Член Комитета ГД по бюджету и налогам;02/12/2007;http://www.ulas-vladimir.ru/
Усачев;Виктор;Васильевич;11/12/1947;"""Единая Россия""";"Член фракции ""Единая Россия""";Председатель Комитета ГД по делам Федерации и региональной политике;02/12/2007;
Усольцев;Василий;Иванович;15/03/1963;"""Единая Россия""";"Член фракции ""Единая Россия""";Первый заместитель председателя Комитета ГД по проблемам Севера и Дальнего Востока | Член Счетной комиссии ГД;02/12/2007;
Фадзаев;Арсен;Сулейманович;5/09/1962;"""Единая Россия""";"Член фракции ""Единая Россия""";Заместитель председателя Комитета ГД по делам Содружества Независимых Государств и связям с соотечественниками;02/12/2007;
Фахритдинов;Иршат;Юнирович;1/02/1965;"""Единая Россия""";"Член фракции ""Единая Россия""";Член Комитета ГД по делам ветеранов;02/12/2007;
Федоров;Евгений;Алексеевич;11/05/1963;"""Единая Россия""";"Член фракции ""Единая Россия""";Председатель Комитета ГД по экономической политике и предпринимательству | Заместитель председателя Комиссии ГД по законодательному обеспечению деятельности субъектов естественных монополий, государственных корпораций и коммерческих организаций с государственным участием;02/12/2007;http://www.duma.gov.ru/fedorov/
Федоткин;Владимир;Николаевич;25/07/1947;"""Коммунистическая партия Российской Федерации""";Член фракции Коммунистической партии Российской Федерации;Член Комитета ГД по бюджету и налогам;02/12/2007;
Фокин;Александр;Иванович;24/10/1954;"""Единая Россия""";"Член фракции ""Единая Россия""";Заместитель председателя Комитета ГД по природным ресурсам, природопользованию и экологии;02/12/2007;
Фургал;Сергей;Иванович;12/02/1970;"""Либерально-демократическая партия России""";"Член фракции ""Либерально-демократическая партия России""";Заместитель председателя Комитета ГД по делам Федерации и региональной политике;02/12/2007;
Фурман;Александр;Борисович;7/02/1956;"""Единая Россия""";"Член фракции ""Единая Россия""";Заместитель председателя Комитета ГД по вопросам местного самоуправления;02/12/2007;
Хаджебиеков;Руслан;Гиссович;23/03/1948;"""Единая Россия""";"Член фракции ""Единая Россия""";Член Комитета ГД по делам Федерации и региональной политике;02/12/2007;
Хайруллин;Айрат;Назипович;1/08/1970;"""Единая Россия""";"Член фракции ""Единая Россия""";Первый заместитель председателя Комитета ГД по аграрным вопросам;02/12/2007;
Хамчиев;Белан;Багаудинович;7/12/1960;"""Единая Россия""";"Член фракции ""Единая Россия""";Заместитель председателя Комитета ГД по делам общественных объединений и религиозных организаций;02/12/2007;
Харитонов;Николай;Михайлович;30/10/1948;"""Коммунистическая партия Российской Федерации""";Член фракции Коммунистической партии Российской Федерации;Первый заместитель председателя Комитета ГД по аграрным вопросам;02/12/2007;
Хахичев;Владимир;Дмитриевич;15/11/1939;"""Коммунистическая партия Российской Федерации""";Член фракции Коммунистической партии Российской Федерации;Член Комитета ГД по бюджету и налогам;02/12/2007;
Хесин;Михаил;Яковлевич;18/10/1948;"""Либерально-демократическая партия России""";"Член фракции ""Либерально-демократическая партия России""";Заместитель председателя Комитета ГД по строительству и земельным отношениям;02/12/2007;
Хинштейн;Александр;Евсеевич;26/10/1974;"""Единая Россия""";"Член фракции ""Единая Россия""";Член Комитета ГД по промышленности | Член Комиссии ГД по законодательному обеспечению противодействия коррупции;02/12/2007;http://www.duma.gov.ru/hinshtein/
Хованская;Галина;Петровна;23/08/1943;"""Справедливая Россия: родина/пенсионеры/жизнь""";"Член фракции ""Справедливая Россия""";Член Комитета ГД по строительству и земельным отношениям;02/12/2007;
Хор;Глеб;Яковлевич;8/04/1963;"""Единая Россия""";"Член фракции ""Единая Россия""";Первый заместитель председателя Комитета ГД по бюджету и налогам | Член Комиссии ГД по рассмотрению расходов федерального бюджета, направленных на обеспечение обороны и государственной безопасности РФ;02/12/2007;
Хоркина;Светлана;Васильевна;19/01/1979;"""Единая Россия""";"Член фракции ""Единая Россия""";Заместитель председателя Комитета ГД по делам молодежи;02/12/2007;
Цветова;Любовь;Михайловна;30/08/1954;"""Единая Россия""";"Член фракции ""Единая Россия""";Член Комитета ГД по аграрным вопросам;02/12/2007;
Чайка;Валентин;Васильевич;2/07/1953;"""Единая Россия""";"Член фракции ""Единая Россия""";Член Комитета ГД по безопасности | Член Комиссии ГД по рассмотрению расходов федерального бюджета, направленных на обеспечение обороны и государственной безопасности РФ;02/12/2007;
Черешнев;Валерий;Александрович;24/10/1944;"""Справедливая Россия: родина/пенсионеры/жизнь""";"Член фракции ""Справедливая Россия""";Председатель Комитета ГД по науке и наукоемким технологиям;02/12/2007;
Черкасов;Кирилл;Игоревич;3/04/1967;"""Либерально-демократическая партия России""";"Член фракции ""Либерально-демократическая партия России""";Член Комитета ГД по экономической политике и предпринимательству;02/12/2007;
Черкесова;Виктория;Валерьевна;27/01/1982;"""Единая Россия""";"Член фракции ""Единая Россия""";Член Комитета ГД по образованию;02/12/2007;
Чернышенко;Игорь;Константинович;25/08/1945;"""Единая Россия""";"Член фракции ""Единая Россия""";Заместитель председателя Комитета ГД по проблемам Севера и Дальнего Востока | Член Комиссии ГД по мандатным вопросам и вопросам депутатской этики;02/12/2007;http://www.chernyshenko.ru/
Чернявский;Валентин;Семёнович;3/07/1951;"""Единая Россия""";"Член фракции ""Единая Россия""";Член Комитета ГД по безопасности | Член Комиссии ГД по законодательному обеспечению противодействия коррупции;02/12/2007;
Четвериков;Александр;Владимирович;8/06/1972;"""Справедливая Россия: родина/пенсионеры/жизнь""";"Член фракции ""Справедливая Россия""";Член Комитета ГД по энергетике;02/12/2007;
Чижов;Сергей;Викторович;16/03/1964;"""Единая Россия""";"Член фракции ""Единая Россия""";Член Комитета ГД по бюджету и налогам | Член Комиссии ГД по рассмотрению расходов федерального бюджета, направленных на обеспечение обороны и государственной безопасности РФ;02/12/2007;
Чикин;Валентин;Васильевич;25/01/1932;"""Коммунистическая партия Российской Федерации""";Член фракции Коммунистической партии Российской Федерации;Член Комитета ГД по информационной политике, информационным технологиям и связи;02/12/2007;
Чилингаров;Артур;Николаевич;25/09/1939;"""Единая Россия""";"Первый заместитель руководителя фракции ""Единая Россия""";Член Комитета ГД по обороне;02/12/2007;
Чиркин;Андрей;Борисович;15/03/1961;"""Единая Россия""";"Член фракции ""Единая Россия""";Член Комитета ГД по строительству и земельным отношениям;02/12/2007;
Чухраёв;Александр;Михайлович;14/01/1952;"""Единая Россия""";"Член фракции ""Единая Россия""";Заместитель председателя Комитета ГД по охране здоровья;02/12/2007;
Шайхутдинов;Рифат;Габдулхакович;23/12/1963;"""Либерально-демократическая партия России""";"Член фракции ""Либерально-демократическая партия России""";Член Комитета ГД по конституционному законодательству и государственному строительству;02/12/2007;
Шаккум;Мартин;Люцианович;21/09/1951;"""Единая Россия""";"Член фракции ""Единая Россия""";Председатель Комитета ГД по строительству и земельным отношениям | Сопредседатель Комиссии ГД по рассмотрению расходов федерального бюджета, направленных на обеспечение обороны и государственной безопасности РФ;02/12/2007;http://www.shakkum.ru/
Швалев;Федор;Михайлович;21/12/1949;"""Единая Россия""";"Член фракции ""Единая Россия""";Член Комитета ГД по транспорту;02/12/2007;
Шевцов;Георгий;Егорович;28/11/1948;"""Единая Россия""";"Член фракции ""Единая Россия""";Заместитель председателя Комитета ГД по промышленности;02/12/2007;
Шеин;Олег;Васильевич;21/03/1972;"""Справедливая Россия: родина/пенсионеры/жизнь""";"Заместитель руководителя фракции ""Справедливая Россия""";Заместитель председателя Комитета ГД по труду и социальной политике | Член Счетной комиссии ГД;02/12/2007;
Шестаков;Василий;Борисович;4/04/1953;"""Справедливая Россия: родина/пенсионеры/жизнь""";"Заместитель руководителя фракции ""Справедливая Россия""";Член Комитета ГД по физической культуре и спорту;02/12/2007;
Шиманов;Александр;Алексеевич;27/09/1957;"""Единая Россия""";"Член фракции ""Единая Россия""";Член Комитета ГД по природным ресурсам, природопользованию и экологии;02/12/2007;
Шипунов;Константин;Борисович;26/11/1961;"""Единая Россия""";"Член фракции ""Единая Россия""";Член Комитета ГД по финансовому рынку;25/09/2008;
Ширшов;Константин;Владимирович;1/08/1974;"""Коммунистическая партия Российской Федерации""";Член фракции Коммунистической партии Российской Федерации;Член Комитета ГД по строительству и земельным отношениям | Член Комиссии ГД по рассмотрению расходов федерального бюджета, направленных на обеспечение обороны и государственной безопасности РФ;02/12/2007;
Шихсаидов;Хизри;Исаевич;1/08/1947;"""Единая Россия""";"Член фракции ""Единая Россия""";Член Комитета ГД по Регламенту и организации работы Государственной Думы;02/12/2007;
Шишкарев;Сергей;Николаевич;2/02/1968;"""Единая Россия""";"Член фракции ""Единая Россия""";Председатель Комитета ГД по транспорту | Член Комиссии ГД по законодательному обеспечению деятельности субъектов естественных монополий, государственных корпораций и коммерческих организаций с государственным участием;02/12/2007;http://www.duma.gov.ru/shishkarev/
Шишкин;Александр;Геннадьевич;4/05/1960;"""Единая Россия""";"Член фракции ""Единая Россия""";Член Комитета ГД по физической культуре и спорту;02/12/2007;
Шлегель;Роберт;Александрович;17/12/1984;"""Единая Россия""";"Член фракции ""Единая Россия""";Член Комитета ГД по информационной политике, информационным технологиям и связи;02/12/2007;http://www.shlegel.ru/
Шойгу;Лариса;Кужугетовна;21/01/1953;"""Единая Россия""";"Член фракции ""Единая Россия""";Член Комитета ГД по охране здоровья;02/12/2007;
Шоршоров;Степан;Мкртычевич;31/01/1956;"""Единая Россия""";"Член фракции ""Единая Россия""";Заместитель председателя Комитета ГД по делам национальностей;02/12/2007;
Штогрин;Сергей;Иванович;21/07/1948;"""Коммунистическая партия Российской Федерации""";Член фракции Коммунистической партии Российской Федерации;Заместитель председателя Комитета ГД по бюджету и налогам | Член Комиссии ГД по рассмотрению расходов федерального бюджета, направленных на обеспечение обороны и государственной безопасности РФ;02/12/2007;http://www.duma.gov.ru/shtogrin/
Шуба;Виталий;Борисович;13/07/1951;"""Единая Россия""";"Член фракции ""Единая Россия""";Первый заместитель председателя Комитета ГД по бюджету и налогам | Член Комиссии ГД по рассмотрению расходов федерального бюджета, направленных на обеспечение обороны и государственной безопасности РФ;02/12/2007;http://www.vshuba.ru/
Шубина;Любовь;Федоровна;12/05/1952;"""Единая Россия""";"Член фракции ""Единая Россия""";Заместитель председателя Комитета ГД по труду и социальной политике;02/12/2007;
Шудегов;Виктор;Евграфович;5/12/1952;"""Справедливая Россия: родина/пенсионеры/жизнь""";"Член фракции ""Справедливая Россия""";Заместитель председателя Комитета ГД по образованию;02/12/2007;
Шурчанов;Валентин;Сергеевич;19/01/1947;"""Коммунистическая партия Российской Федерации""";Член фракции Коммунистической партии Российской Федерации;Член Комитета ГД по делам Федерации и региональной политике;02/12/2007;
Шхагошев;Адальби;Люлевич;6/06/1967;"""Единая Россия""";"Член фракции ""Единая Россия""";Член Комитета ГД по труду и социальной политике;02/12/2007;
Эверстов;Михаил;Ильич;16/04/1958;"""Единая Россия""";"Член фракции ""Единая Россия""";Член Комитета ГД по безопасности;02/12/2007;
Эдель;Игорь;Олегович;2/01/1956;"""Коммунистическая партия Российской Федерации""";Член фракции Коммунистической партии Российской Федерации;Член Комитета ГД по транспорту;02/12/2007;
Эркенов;Ахмат;Чокаевич;13/07/1951;"""Единая Россия""";"Член фракции ""Единая Россия""";Член Комитета ГД по образованию;02/12/2007;
Южилин;Виталий;Александрович;10/12/1965;"""Единая Россия""";"Член фракции ""Единая Россия""";Член Комитета ГД по бюджету и налогам;02/12/2007;
Юрчик;Владислав;Григорьевич;30/01/1938;"""Коммунистическая партия Российской Федерации""";Член фракции Коммунистической партии Российской Федерации;Член Комитета ГД по делам национальностей;02/12/2007;
Юсупов;Марсель;Харисович;3/11/1969;"""Единая Россия""";"Член фракции ""Единая Россия""";Член Комитета ГД по строительству и земельным отношениям | Член Комиссии ГД по рассмотрению расходов федерального бюджета, направленных на обеспечение обороны и государственной безопасности РФ;02/12/2007;
Язев;Валерий;Афонасьевич;29/10/1949;"""Единая Россия""";"Член фракции ""Единая Россия""";Заместитель Председателя ГД | Член Комитета ГД по энергетике;02/12/2007;
Якимов;Виктор;Васильевич;19/12/1951;"""Единая Россия""";"Член фракции ""Единая Россия""";Член Комитета ГД по вопросам местного самоуправления;02/12/2007;
Яковлева;Лариса;Николаевна;3/02/1963;"""Единая Россия""";"Член фракции ""Единая Россия""";Член Комитета ГД по образованию;02/12/2007;
Яковлева;Татьяна;Владимировна;7/07/1960;"""Единая Россия""";"Первый заместитель руководителя фракции ""Единая Россия""";Член Комитета ГД по охране здоровья;02/12/2007;
Янаков;Эдуард;Якимович;15/09/1968;"""Единая Россия""";"Член фракции ""Единая Россия""";Член Комитета ГД по проблемам Севера и Дальнего Востока;02/10/2008;
Яровая;Ирина;Анатольевна;17/10/1966;"""Единая Россия""";"Член фракции ""Единая Россия""";Заместитель председателя Комитета ГД по конституционному законодательству и государственному строительству;02/12/2007;
Яхихажиев;Саид;Кожалович;23/07/1948;"""Единая Россия""";"Член фракции ""Единая Россия""";Член Комитета ГД по охране здоровья;02/12/2007;
