Дата;Запуск;Космодром;Стартовый комплекс;Ракета-носитель;Результат
25.12.69 12:59:00;"Запуск космического аппарата ДС-У1-ИК-1 (""Интеркосмос-2"")";Капустин Яр  ;СК РН Космос  ;Космос-1  ;Успешный 
20.12.69 06:26:00;"Запуск космического аппарата Целина-ОМ (""Космос-315"")";Плесецк  ;СК 132/1 (РН Космос)  ;Космос-3М  ;Успешный 
11.12.69 15:58:00;"Запуск космического аппарата ДС-П1-Ю (""Космос-314"")";Плесецк  ;СК 132/1 (РН Космос)  ;Космос-1  ;Успешный 
24.11.69 14:00:00;"Запуск космического аппарата ДС-П1-Ю (""Космос-311"")";Плесецк  ;СК 132/1 (РН Космос)  ;Космос-1  ;Успешный 
04.11.69 14:59:00;"Запуск космического аппарата ДС-П1-И (""Космос-308"")";Плесецк  ;СК 132/1 (РН Космос)  ;Космос-1  ;Успешный 
24.10.69 16:01:00;"Запуск космического аппарата ДС-П1-Ю (""Космос-307"")";Плесецк  ;СК 132/1 (РН Космос)  ;Космос-1  ;Успешный 
18.10.69 13:00:00;"Запуск космического аппарата ДС-П1-Ю (""Космос-303"")";Плесецк  ;СК 132/1 (РН Космос)  ;Космос-1  ;Успешный 
14.10.69 16:19:00;"Запуск космического аппарата ДС-У3-ИК-1 (""Интеркосмос-1"")";Капустин Яр  ;СК РН Космос  ;Космос-1  ;Успешный 
22.08.69 17:14:00;"Запуск космического аппарата ДС-П1-Ю (""Космос-295"")";Плесецк  ;СК 132/1 (РН Космос)  ;Космос-1  ;Успешный 
03.06.69 15:57:00;"Запуск космического аппарата ДС-П1-Ю (""Космос-285"")";Плесецк  ;СК 132/1 (РН Космос)  ;Космос-1  ;Успешный 
27.05.69 15:59:00;"Запуск космического аппарата ДС-П1-Ю (""Космос-283"")";Плесецк  ;СК 132/1 (РН Космос)  ;Космос-1  ;Успешный 
04.04.69 16:00:00;"Запуск космического аппарата ДС-П1-Ю (""Космос-277"")";Плесецк  ;СК 132/1 (РН Космос)  ;Космос-1  ;Успешный 
28.03.69 19:00:00;"Запуск космического аппарата ДС-П1-И (""Космос-275"")";Плесецк  ;СК 132/1 (РН Космос)  ;Космос-1  ;Успешный 
05.03.69 20:25:00;"Запуск космического аппарата Целина-ОМ (""Космос-269"")";Плесецк  ;СК 132/1 (РН Космос)  ;Космос-3М  ;Успешный 
05.03.69 16:04:00;"Запуск космического аппарата ДС-П1-Ю (""Космос-268"")";Плесецк  ;СК 132/1 (РН Космос)  ;Космос-1  ;Успешный 
07.02.69 16:59:00;"Запуск космического аппарата ДС-П1-Ю (""Космос-265"")";Плесецк  ;СК 132/1 (РН Космос)  ;Космос-1  ;Успешный 
26.12.68 12:45:00;"Запуск космического аппарата ДС-У2-ГФ (""Космос-262"")";Капустин Яр  ;СК РН Космос  ;Космос-1  ;Успешный 
20.12.68 02:55:00;"Запуск космического аппарата ДС-У2-ГК (""Космос-261"")";Плесецк  ;СК 132/1 (РН Космос)  ;Космос-1  ;Успешный 
14.12.68 08:09:00;"Запуск космического аппарата ДС-У2-И (""Космос-259"")";Капустин Яр  ;СК РН Космос  ;Космос-1  ;Успешный 
03.12.68 17:52:00;"Запуск космического аппарата ДС-П1-Ю (""Космос-257"")";Плесецк  ;СК 132/1 (РН Космос)  ;Космос-1  ;Успешный 
31.10.68 01:00:00;"Запуск космического аппарата Целина-ОМ (""Космос-250"")";Плесецк  ;СК 132/1 (РН Космос)  ;Космос-3М  ;Успешный 
03.10.68 15:58:00;"Запуск космического аппарата ДС-П1-Ю (""Космос-245"")";Плесецк  ;СК 132/1 (РН Космос)  ;Космос-1  ;Успешный 
20.09.68 17:39:00;"Запуск космического аппарата ДС-П1-И (""Космос-242"")";Плесецк  ;СК 132/1 (РН Космос)  ;Космос-1  ;Успешный 
18.07.68 22:59:00;"Запуск космического аппарата ДС-П1-Ю (""Космос-233"")";Плесецк  ;СК 132/1 (РН Космос)  ;Космос-1  ;Успешный 
05.07.68 09:59:00;"Запуск космического аппарата ДС-У3-С (""Космос-230"")";Капустин Яр  ;СК РН Космос  ;Космос-1  ;Успешный 
12.06.68 16:14:00;"Запуск космического аппарата ДС-У1-Я (""Космос-225"")";Капустин Яр  ;СК РН Космос  ;Космос-1  ;Успешный 
12.06.68 16:14:00;"Запуск космического аппарата ДС-У1-Я (""Космос-225"")";Капустин Яр  ;СК РН Космос  ;Космос-1  ;Успешный 
30.05.68 23:29:00;"Запуск космического аппарата ДС-П1-Ю (""Космос-222"")";Плесецк  ;СК 132/1 (РН Космос)  ;Космос-1  ;Успешный 
24.05.68 10:04:00;"Запуск космического аппарата ДС-П1-Ю (""Космос-221"")";Плесецк  ;СК 132/1 (РН Космос)  ;Космос-1  ;Успешный 
26.04.68 07:42:00;"Запуск космического аппарата ДС-У2-Д (""Космос-219"")";Капустин Яр  ;СК РН Космос  ;Космос-1  ;Успешный 
26.04.68 07:42:00;"Запуск космического аппарата ДС-У2-Д (""Космос-219"")";Капустин Яр  ;СК РН Космос  ;Космос-1  ;Успешный 
19.04.68 01:29:00;"Запуск космического аппарата ДС-У1-А (""Космос-215"")";Капустин Яр  ;СК РН Космос  ;Космос-1  ;Успешный 
19.04.68 01:29:00;"Запуск космического аппарата ДС-У1-А (""Космос-215"")";Капустин Яр  ;СК РН Космос  ;Космос-1  ;Успешный 
09.04.68 14:26:00;"Запуск космического аппарата ДС-П1-Ю (""Космос-211"")";Плесецк  ;СК 132/1 (РН Космос)  ;Космос-1  ;Успешный 
06.03.68 14:02:00;"Запуск космического аппарата ДС-П1-И (""Космос-204"")";Плесецк  ;СК 132/1 (РН Космос)  ;Космос-1  ;Успешный 
06.03.68 14:02:00;"Запуск космического аппарата ДС-П1-И (""Космос-204"")";Плесецк  ;СК 132/1 (РН Космос)  ;Космос-1  ;Успешный 
20.02.68 13:03:00;"Запуск космического аппарата ДС-У2-В (""Космос-202"")";Капустин Яр  ;СК РН Космос  ;Космос-1  ;Успешный 
20.02.68 13:03:00;"Запуск космического аппарата ДС-У2-В (""Космос-202"")";Капустин Яр  ;СК РН Космос  ;Космос-1  ;Успешный 
20.01.68 00:59:00;"Запуск космического аппарата Целина-О (""Космос-200"")";Плесецк  ;СК 132/1 (РН Космос)  ;Космос-3М  ;Успешный 
20.01.68 00:59:00;"Запуск космического аппарата Целина-О (""Космос-200"")";Плесецк  ;СК 132/1 (РН Космос)  ;Космос-3М  ;Успешный 
26.12.67 12:01:00;"Запуск космического аппарата ДС-У2-В (""Космос-197"")";Капустин Яр  ;СК РН Космос  ;Космос-1  ;Успешный 
26.12.67 12:01:00;"Запуск космического аппарата ДС-У2-В (""Космос-197"")";Капустин Яр  ;СК РН Космос  ;Космос-1  ;Успешный 
19.12.67 09:30:00;"Запуск космического аппарата ДС-У1-Г (""Космос-196"")";Капустин Яр  ;СК РН Космос  ;Космос-1  ;Успешный 
19.12.67 09:30:00;"Запуск космического аппарата ДС-У1-Г (""Космос-196"")";Капустин Яр  ;СК РН Космос  ;Космос-1  ;Успешный 
21.11.67 17:29:00;"Запуск космического аппарата ДС-П1-Ю (""Космос-191"")";Плесецк  ;СК 132/1 (РН Космос)  ;Космос-1  ;Успешный 
30.10.67 20:59:00;"Запуск космического аппарата Целина-О (""Космос-189"")";Плесецк  ;СК 132/1 (РН Космос)  ;Космос-3М  ;Успешный 
30.10.67 20:59:00;"Запуск космического аппарата Целина-О (""Космос-189"")";Плесецк  ;СК 132/1 (РН Космос)  ;Космос-3М  ;Успешный 
12.09.67 20:00:00;"Запуск космического аппарата ДС-П1-Ю (""Космос-176"")";Капустин Яр  ;СК РН Космос  ;Космос-1  ;Успешный 
24.08.67 07:59:00;"Запуск космического аппарата ДС-П1-Ю (""Космос-173"")";Капустин Яр  ;СК РН Космос  ;Космос-1  ;Успешный 
16.06.67 07:44:00;"Запуск космического аппарата ДС-У3-С (""Космос-166"")";Капустин Яр  ;СК РН Космос  ;Космос-1  ;Успешный 
16.06.67 07:44:00;"Запуск космического аппарата ДС-У3-С (""Космос-166"")";Капустин Яр  ;СК РН Космос  ;Космос-1  ;Успешный 
12.06.67 21:06:00;"Запуск космического аппарата ДС-П1-Ю (""Космос-165"")";Капустин Яр  ;СК РН Космос  ;Космос-1  ;Успешный 
05.06.67 08:03:00;"Запуск космического аппарата ДС-У2-МП (""Космос-163"")";Капустин Яр  ;СК РН Космос  ;Космос-1  ;Успешный 
05.06.67 08:03:00;"Запуск космического аппарата ДС-У2-МП (""Космос-163"")";Капустин Яр  ;СК РН Космос  ;Космос-1  ;Успешный 
25.03.67 09:59:00;"Запуск космического аппарата ДС-П1-Ю (""Космос-152"")";Капустин Яр  ;СК РН Космос  ;Космос-1  ;Успешный 
21.03.67 13:07:00;"Запуск космического аппарата ДС-МО (""Космос-148"")";Капустин Яр  ;СК РН Космос  ;Космос-1  ;Успешный 
16.03.67 20:30:00;"Запуск космического аппарата ДС-П1-И (""Космос-148"")";Плесецк  ;СК 132/1 (РН Космос)  ;Космос-1  ;Успешный 
16.03.67 20:30:00;"Запуск космического аппарата ДС-П1-И (""Космос-148"")";Плесецк  ;СК 132/1 (РН Космос)  ;Космос-1  ;Успешный 
03.03.67 09:44:00;"Запуск космического аппарата ДС-У2-М (""Космос-145"")";Капустин Яр  ;СК РН Космос  ;Космос-1  ;Успешный 
14.02.67 13:04:00;"Запуск космического аппарата ДС-У2-И (""Космос-142"")";Капустин Яр  ;СК РН Космос  ;Космос-1  ;Успешный 
14.02.67 13:04:00;"Запуск космического аппарата ДС-У2-И (""Космос-142"")";Капустин Яр  ;СК РН Космос  ;Космос-1  ;Успешный 
21.12.66 16:12:00;"Запуск космического аппарата ДС-У2-Д (""Космос-137"")";Капустин Яр  ;СК РН Космос  ;Космос-1  ;Успешный 
21.12.66 16:12:00;"Запуск космического аппарата ДС-У2-Д (""Космос-137"")";Капустин Яр  ;СК РН Космос  ;Космос-1  ;Успешный 
12.12.66 23:38:00;"Запуск космического аппарата ДС-У2-МП (""Космос-135"")";Капустин Яр  ;СК РН Космос  ;Космос-1  ;Успешный 
12.12.66 23:38:00;"Запуск космического аппарата ДС-У2-МП (""Космос-135"")";Капустин Яр  ;СК РН Космос  ;Космос-1  ;Успешный 
08.06.66 14:02:00;"Запуск космического аппарата ДС-П1-Ю (""Космос-120"")";Плесецк  ;СК 132/1 (РН Космос)  ;Космос-1  ;Успешный 
24.05.66 08:31:00;"Запуск космического аппарата ДС-У2-И (""Космос-119"")";Капустин Яр  ;СК РН Космос  ;Космос-1  ;Успешный 
24.05.66 08:31:00;"Запуск космического аппарата ДС-У2-И (""Космос-119"")";Капустин Яр  ;СК РН Космос  ;Космос-1  ;Успешный 
26.04.66 13:04:00;"Запуск космического аппарата ДС-П1-Ю (""Космос-116"")";Капустин Яр  ;СК РН Космос  ;Космос-1  ;Успешный 
12.02.66 21:00:00;"Запуск космического аппарата ДС-У1-Г (""Космос-108"")";Капустин Яр  ;СК РН Космос  ;Космос-1  ;Успешный 
12.02.66 00:00:00;"Запуск космического аппарата ДС-У1-Г (""Космос-108"")";Капустин Яр  ;СК РН Космос  ;Космос-1  ;Успешный 
25.01.66 15:28:00;"Запуск космического аппарата ДС-П1-И (""Космос-106"")";Капустин Яр  ;СК РН Космос  ;Космос-1  ;Успешный 
25.01.66 15:28:00;"Запуск космического аппарата ДС-П1-И (""Космос-106"")";Капустин Яр  ;СК РН Космос  ;Космос-1  ;Успешный 
21.12.65 09:14:00;"Запуск космического аппарата ДС-П1-Ю (""Космос-101"")";Капустин Яр  ;СК РН Космос  ;Космос-1  ;Успешный 
26.11.65 15:14:00;"Запуск космического аппарата ДС-У2-М (""Космос-97"")";Капустин Яр  ;СК РН Космос  ;Космос-1  ;Успешный 
26.11.65 15:14:00;"Запуск космического аппарата ДС-У2-М (""Космос-97"")";Капустин Яр  ;СК РН Космос  ;Космос-1  ;Успешный 
04.11.65 08:31:00;"Запуск космического аппарата ДС-У2-В (""Космос-95"")";Капустин Яр  ;СК РН Космос  ;Космос-1  ;Успешный 
04.11.65 08:31:00;"Запуск космического аппарата ДС-У2-В (""Космос-95"")";Капустин Яр  ;СК РН Космос  ;Космос-1  ;Успешный 
19.10.65 08:44:00;"Запуск космического аппарата ДС-У2-В (""Космос-93"")";Капустин Яр  ;СК РН Космос  ;Космос-1  ;Успешный 
19.10.65 08:44:00;"Запуск космического аппарата ДС-У2-В (""Космос-93"")";Капустин Яр  ;СК РН Космос  ;Космос-1  ;Успешный 
23.07.65 07:33:00;"Запуск космического аппарата ДС-П1-Ю (""Космос-76"")";Капустин Яр  ;СК РН Космос  ;Космос  ;Успешный 
02.07.65 09:30:00;"Запуск космического аппарата ДС-А1 (""Космос-70"")";Капустин Яр  ;СК РН Космос  ;Космос  ;Успешный 
30.01.65 12:36:00;"Запуск космического аппарата ДС-А1 (""Космос-53"")";Капустин Яр  ;СК РН Космос  ;Космос  ;Успешный 
10.12.64 02:02:00;"Запуск космического аппарата ДС-МТ (""Космос-51"")";Капустин Яр  ;СК РН Космос  ;Космос  ;Успешный 
01.12.64 00:00:00;Запуск космического аппарата ДС-2;Капустин Яр  ;СК РН Космос  ;Космос  ;Аварийный 
24.10.64 08:16:00;"Запуск космического аппарата ДС-МГ (""Космос-49"")";Капустин Яр  ;СК РН Космос  ;Космос  ;Успешный 
30.07.64 06:36:00;"Запуск космического аппарата ДС-П1-Ю (""Космос-36"")";Капустин Яр  ;СК РН Космос  ;Космос  ;Успешный 
06.06.64 09:00:00;"Запуск космического аппарата ДС-МТ (""Космос-31"")";Капустин Яр  ;СК РН Космос  ;Космос  ;Успешный 
18.03.64 18:07:00;"Запуск космического аппарата ДС-МГ (""Космос-26"")";Капустин Яр  ;СК РН Космос  ;Космос  ;Успешный 
27.02.64 16:26:00;"Запуск космического аппарата ДС-П1 (""Космос-25"")";Капустин Яр  ;СК РН Космос  ;Космос  ;Успешный 
06.08.63 06:00:00;"Запуск космического аппарата ДС-П1 (""Космос-19"")";Капустин Яр  ;СК РН Космос  ;Космос  ;Успешный 
22.05.63 06:00:00;"Запуск космического аппарата ДС-А1 (""Космос-17"")";Капустин Яр  ;СК РН Космос  ;Космос  ;Успешный 
20.10.62 07:00:00;"Запуск космического аппарата ДС-А1 (""Космос-11"")";Капустин Яр  ;СК РН Космос  ;Космос  ;Успешный 
18.08.62 18:00:00;"Запуск космического аппарата ДС-К8 (""Космос-8"")";Капустин Яр  ;СК РН Космос  ;Космос  ;Успешный 
30.06.62 19:00:00;"Запуск космического аппарата ДС-П1 (""Космос-6"")";Капустин Яр  ;СК РН Космос  ;Космос  ;Успешный 
16.03.62 14:59:00;"Запуск космического аппарата ДС-2 (""Космос-1"")";Капустин Яр  ;СК РН Космос  ;Космос  ;Успешный 
05.12.79 12:00:00;"Запуск космического аппарата Тайфун-1Б (""Космос-1146"")";Плесецк  ;СК 132/1 (РН Космос)  ;Космос-3М  ;Успешный 
01.12.79 00:00:00;"Запуск космического аппарата АУОС-З-Р-П-ИК (""Интеркосмос-20"")";Плесецк  ;СК 132/1 (РН Космос)  ;Космос-3М  ;Успешный 
27.11.79 12:55:00;"Запуск космического аппарата Целина-Д (""Космос-1145"")";Плесецк  ; ;Восток-2М  ;Успешный 
26.10.79 21:12:00;"Запуск космического аппарата Целина-Д (""Космос-1143"")";Плесецк  ; ;Восток-2М  ;Успешный 
20.07.79 14:58:00;"Запуск космического аппарата Целина-Д (""Космос-1116"")";Плесецк  ; ;Восток-2М  ;Успешный 
11.07.79 18:41:00;"Запуск космического аппарата Целина-ОМ (""Космос-1114"")";Плесецк  ;СК 132/1 (РН Космос)  ;Космос-3М  ;Успешный 
06.07.79 11:20:00;"Запуск космического аппарата Тайфун-2 (""Космос-1112"")";Капустин Яр  ;СК РН Космос  ;Космос-3М  ;Успешный 
14.04.79 08:27:00;"Запуск космического аппарата Целина-Д (""Космос-1093"")";Плесецк  ; ;Восток-2М  ;Успешный 
27.02.79 20:00:00;"Запуск космического аппарата АУОС-З-И-ИК (""Интеркосмос-19"")";Плесецк  ;СК 132/1 (РН Космос)  ;Космос-3М  ;Успешный 
14.02.79 00:41:00;"Запуск космического аппарата Целина-Д (""Космос-1077"")";Плесецк  ; ;Восток-2М  ;Успешный 
12.02.79 16:00:00;"Запуск космического аппарата Океан-Э №1 (""Космос-1076"")";Плесецк  ; ;Циклон-3  ;Успешный 
08.02.79 13:00:00;"Запуск космического аппарата Тайфун-1 (""Космос-1075"")";Плесецк  ;СК 132/1 (РН Космос)  ;Космос-3М  ;Успешный 
23.12.78 11:39:00;"Запуск космического аппарата Тайфун-2 (""Космос-1065"")";Капустин Яр  ;СК РН Космос  ;Космос-3М  ;Успешный 
19.12.78 04:35:00;"Запуск космического аппарата Целина-Д (""Космос-1063"")";Плесецк  ; ;Восток-2М  ;Успешный 
15.12.78 16:12:00;"Запуск космического аппарата Целина-ОМ (""Космос-1062"")";Плесецк  ;СК 132/1 (РН Космос)  ;Космос-3М  ;Успешный 
24.10.78 22:00:00;"Запуск космического аппарата АУОС-З-М-ИК (""Интеркосмос-18"")";Плесецк  ;СК 132/1 (РН Космос)  ;Космос-3М  ;Успешный 
10.10.78 22:44:00;"Запуск космического аппарата Целина-Д (""Космос-1043"")";Плесецк  ; ;Восток-2М  ;Успешный 
28.06.78 20:35:00;"Запуск космического аппарата Целина-Д (""Космос-1025"")";Плесецк  ; ;Циклон-3  ;Успешный 
17.05.78 17:39:00;"Запуск космического аппарата Целина-ОК (""Космос-1008"")";Плесецк  ;СК 132/1 (РН Космос)  ;Космос-3М  ;Успешный 
16.05.78 13:40:00;"Запуск космического аппарата Тайфун-1 (""Космос-1007"")";Плесецк  ;СК 132/1 (РН Космос)  ;Космос-3М  ;Успешный 
12.05.78 14:00:00;"Запуск космического аппарата Тайфун-1 (""Космос-1006"")";Плесецк  ;СК 132/1 (РН Космос)  ;Космос-3М  ;Успешный 
12.05.78 07:07:00;"Запуск космического аппарата Целина-Д (""Космос-1005"")";Плесецк  ; ;Восток-2М  ;Успешный 
10.01.78 16:23:00;"Запуск космического аппарата Целина-Д (""Космос-975"")";Плесецк  ; ;Восток-2М  ;Успешный 
27.12.77 12:20:00;"Запуск космического аппарата ЭПН 03.380 (""Космос-973"")";Плесецк  ;СК 132/1 (РН Космос)  ;Циклон-3  ;Успешный 
13.12.77 18:53:00;"Запуск космического аппарата Тюльпан (""Космос-967"")";Плесецк  ;СК 132/1 (РН Космос)  ;Космос-3М  ;Успешный 
08.12.77 14:00:00;"Запуск космического аппарата Тайфун-2 (""Космос-965"")";Плесецк  ;СК 132/1 (РН Космос)  ;Космос-3М  ;Успешный 
25.10.77 08:25:00;"Запуск космического аппарата Целина-ОМ (""Космос-960"")";Плесецк  ;СК 132/1 (РН Космос)  ;Космос-3М  ;Успешный 
21.10.77 13:05:00;"Запуск космического аппарата Тюльпан (""Космос-959"")";Плесецк  ;СК 132/1 (РН Космос)  ;Космос-3М  ;Успешный 
24.09.77 19:30:00;"Запуск космического аппарата АУОС-З-Р-Э-ИК (""Интеркосмос-17"")";Плесецк  ;СК 132/1 (РН Космос)  ;Космос-3М  ;Успешный 
24.09.77 13:15:00;"Запуск космического аппарата ЭПН 03.380 (""Космос-956"")";Плесецк  ;СК 132/1 (РН Космос)  ;Циклон-3  ;Успешный 
20.09.77 04:01:00;"Запуск космического аппарата Целина-Д (""Космос-955"")";Плесецк  ; ;Восток-2М  ;Успешный 
22.07.77 13:00:00;"Запуск космического аппарата Тайфун-1 (""Космос-933"")";Плесецк  ;СК 132/1 (РН Космос)  ;Космос-3М  ;Успешный 
07.07.77 10:25:00;"Запуск космического аппарата Целина-Д (""Космос-925"")";Плесецк  ; ;Восток-2М  ;Успешный 
05.07.77 01:20:00;"Запуск космического аппарата Целина-ОК (""Космос-924"")";Плесецк  ;СК 132/1 (РН Космос)  ;Космос-3М  ;Успешный 
24.06.77 13:30:00;"Запуск космического аппарата ЭПН 03.380 (""Космос-921"")";Плесецк  ;СК 132/1 (РН Космос)  ;Циклон-3  ;Успешный 
18.06.77 13:30:00;"Запуск космического аппарата ДС-П1-И (""Космос-919"")";Плесецк  ;СК 132/1 (РН Космос)  ;Космос-1  ;Успешный 
31.05.77 10:30:00;"Запуск космического аппарата Тайфун-2 (""Космос-913"")";Плесецк  ;СК 132/1 (РН Космос)  ;Космос-3М  ;Успешный 
19.05.77 19:30:00;"Запуск космического аппарата Тюльпан (""Космос-909"")";Плесецк  ;СК 132/1 (РН Космос)  ;Космос-3М  ;Успешный 
05.04.77 13:30:00;"Запуск космического аппарата ДС-П1-И (""Космос-901"")";Плесецк  ;СК 132/1 (РН Космос)  ;Космос-1  ;Успешный 
30.03.77 02:00:00;"Запуск космического аппарата АУОС-З-Р-О (""Космос-900"")";Плесецк  ;СК 132/1 (РН Космос)  ;Космос-3М  ;Успешный 
25.03.77 01:11:00;"Запуск космического аппарата Целина-ОМ (""Космос-899"")";Плесецк  ;СК 132/1 (РН Космос)  ;Космос-3М  ;Успешный 
03.03.77 13:30:00;"Запуск космического аппарата Тайфун-1 (""Космос-896"")";Плесецк  ;СК 132/1 (РН Космос)  ;Космос-3М  ;Успешный 
27.02.77 00:18:00;"Запуск космического аппарата Целина-Д (""Космос-895"")";Плесецк  ; ;Восток-2М  ;Успешный 
02.02.77 15:30:00;"Запуск космического аппарата Тайфун-1 (""Космос-891"")";Плесецк  ;СК 132/1 (РН Космос)  ;Космос-3М  ;Успешный 
17.12.76 15:00:00;"Запуск космического аппарата Тайфун-2 (""Космос-885"")";Капустин Яр  ;СК РН Космос  ;Космос-3М  ;Успешный 
09.12.76 23:00:00;"Запуск космического аппарата Тюльпан (""Космос-880"")";Плесецк  ;СК 132/1 (РН Космос)  ;Космос-3М  ;Успешный 
02.12.76 03:17:00;"Запуск космического аппарата Целина-ОМ (""Космос-870"")";Плесецк  ;СК 132/1 (РН Космос)  ;Космос-3М  ;Успешный 
27.08.76 17:35:00;"Запуск космического аппарата Целина-Д (""Космос-851"")";Плесецк  ; ;Восток-2М  ;Успешный 
26.08.76 14:00:00;"Запуск космического аппарата ДС-П1-Ю (""Космос-850"")";Плесецк  ;СК 132/1 (РН Космос)  ;Космос-1  ;Успешный 
18.08.76 12:30:00;"Запуск космического аппарата ДС-П1-И (""Космос-849"")";Плесецк  ;СК 132/1 (РН Космос)  ;Космос-1  ;Успешный 
27.07.76 15:00:00;"Запуск космического аппарата ДС-У3-ИК-5 (""Интеркосмос-16"")";Капустин Яр  ;СК РН Космос  ;Космос-3М  ;Успешный 
27.07.76 08:21:00;"Запуск космического аппарата Целина-ОМ (""Космос-845"")";Плесецк  ;СК 132/1 (РН Космос)  ;Космос-3М  ;Успешный 
09.07.76 00:08:00;"Запуск космического аппарата Тюльпан (""Космос-839"")";Плесецк  ;СК 132/1 (РН Космос)  ;Космос-3М  ;Успешный 
19.06.76 19:00:00;"Запуск космического аппарата АУОС-З-Т-ИК (""Интеркосмос-15"")";Плесецк  ;СК 132/1 (РН Космос)  ;Космос-3М  ;Успешный 
28.05.76 18:00:00;"Запуск космического аппарата Тайфун-1 (""Космос-822"")";Плесецк  ;СК 132/1 (РН Космос)  ;Космос-3М  ;Успешный 
18.05.76 14:00:00;"Запуск космического аппарата ДС-П1-Ю (""Космос-818"")";Плесецк  ;СК 132/1 (РН Космос)  ;Космос-1  ;Успешный 
28.04.76 16:30:00;"Запуск космического аппарата Тайфун-2 (""Космос-816"")";Плесецк  ;СК 132/1 (РН Космос)  ;Космос-3М  ;Успешный 
06.04.76 07:14:00;"Запуск космического аппарата Целина-ОМ (""Космос-812"")";Плесецк  ;СК 132/1 (РН Космос)  ;Космос-3М  ;Успешный 
16.03.76 20:22:00;"Запуск космического аппарата Целина-Д (""Космос-808"")";Плесецк  ; ;Восток-2М  ;Успешный 
12.03.76 16:30:00;"Запуск космического аппарата Тайфун-1 (""Космос-752"")";Плесецк  ;СК 132/1 (РН Космос)  ;Космос-3М  ;Успешный 
12.02.76 16:00:00;"Запуск космического аппарата Тюльпан (""Космос-803"")";Плесецк  ;СК 132/1 (РН Космос)  ;Космос-3М  ;Успешный 
05.02.76 17:30:00;"Запуск космического аппарата ДС-П1-И (""Космос-801"")";Плесецк  ;СК 132/1 (РН Космос)  ;Космос-1  ;Успешный 
23.01.76 01:26:00;"Запуск космического аппарата Целина-ОМ (""Космос-790"")";Плесецк  ;СК 132/1 (РН Космос)  ;Космос-3М  ;Успешный 
06.01.76 07:52:00;"Запуск космического аппарата Целина-ОМ (""Космос-787"")";Плесецк  ;СК 132/1 (РН Космос)  ;Космос-3М  ;Успешный 
11.12.75 20:00:00;"Запуск космического аппарата ДС-У2-ИК-6 (""Интеркосмос-14"")";Плесецк  ;СК 132/1 (РН Космос)  ;Космос-3М  ;Успешный 
21.11.75 20:11:00;"Запуск космического аппарата Целина-ОК (""Космос-781"")";Плесецк  ;СК 132/1 (РН Космос)  ;Космос-3М  ;Успешный 
22.08.75 05:11:00;"Запуск космического аппарата Целина-Д (""Космос-756"")";Плесецк  ; ;Восток-2М  ;Успешный 
14.08.75 16:29:00;"Запуск космического аппарата Целина-Д (""Космос-755"")";Плесецк  ; ;Восток-2М  ;Успешный 
24.07.75 22:00:00;"Запуск космического аппарата Тайфун-1 (""Космос-752"")";Плесецк  ;СК 132/1 (РН Космос)  ;Космос-3М  ;Успешный 
17.07.75 12:10:00;"Запуск космического аппарата ДС-П1-И (""Космос-750"")";Плесецк  ;СК 132/1 (РН Космос)  ;Космос-1  ;Успешный 
04.07.75 03:56:00;"Запуск космического аппарата Целина-ОМ (""Космос-749"")";Плесецк  ;СК 132/1 (РН Космос)  ;Космос-3М  ;Успешный 
24.06.75 15:05:00;"Запуск космического аппарата ДС-П1-Ю (""Космос-745"")";Плесецк  ;СК 132/1 (РН Космос)  ;Космос-1  ;Успешный 
20.06.75 09:54:00;"Запуск космического аппарата Целина-Д (""Космос-744"")";Плесецк  ; ;Восток-2М  ;Успешный 
08.04.75 21:29:00;"Запуск космического аппарата ДС-П1-Ю (""Космос-725"")";Плесецк  ;СК 132/1 (РН Космос)  ;Космос-1  ;Успешный 
12.03.75 11:55:00;"Запуск космического аппарата ДС-У2-ИК-5 (""Интеркосмос-13"")";Плесецк  ;СК 132/1 (РН Космос)  ;Космос-3М  ;Успешный 
05.02.75 16:15:00;"Запуск космического аппарата Целина-ОМ (""Космос-707"")";Плесецк  ;СК 132/1 (РН Космос)  ;Космос-3М  ;Успешный 
28.01.75 15:05:00;"Запуск космического аппарата ДС-П1-Ю (""Космос-705"")";Плесецк  ;СК 132/1 (РН Космос)  ;Космос-1  ;Успешный 
21.01.75 14:04:00;"Запуск космического аппарата ДС-П1-Ю (""Космос-703"")";Плесецк  ;СК 132/1 (РН Космос)  ;Космос-1  ;Успешный 
18.12.74 17:12:00;"Запуск космического аппарата Целина-ОМ (""Космос-698"")";Плесецк  ;СК 132/1 (РН Космос)  ;Космос-3М  ;Успешный 
20.11.74 14:59:00;"Запуск космического аппарата ДС-П1-Ю (""Космос-695"")";Плесецк  ;СК 132/1 (РН Космос)  ;Космос-1  ;Успешный 
31.10.74 13:00:00;"Запуск космического аппарата ДС-У2-ИК-4 (""Интеркосмос-12"")";Плесецк  ;СК 132/1 (РН Космос)  ;Космос-3М  ;Успешный 
11.10.74 14:30:00;"Запуск космического аппарата Тайфун-1 (""Космос-687"")";Плесецк  ;СК 132/1 (РН Космос)  ;Космос-3М  ;Успешный 
26.09.74 19:34:00;"Запуск космического аппарата ДС-П1-Ю (""Космос-686"")";Плесецк  ;СК 132/1 (РН Космос)  ;Космос-1  ;Успешный 
16.08.74 06:41:00;"Запуск космического аппарата Целина-Д (""Космос-673"")";Плесецк  ; ;Восток-2М  ;Успешный 
25.07.74 15:00:00;"Запуск космического аппарата ДС-П1-Ю (""Космос-668"")";Плесецк  ;СК 132/1 (РН Космос)  ;Космос-1  ;Успешный 
26.06.74 15:30:00;"Запуск космического аппарата ДС-П1-И (""Космос-662"")";Плесецк  ;СК 132/1 (РН Космос)  ;Космос-1  ;Успешный 
21.06.74 12:03:00;"Запуск космического аппарата Целина-ОМ (""Космос-661"")";Плесецк  ;СК 132/1 (РН Космос)  ;Космос-3М  ;Успешный 
18.06.74 16:00:00;"Запуск космического аппарата Тайфун-1 (""Космос-660"")";Плесецк  ;СК 132/1 (РН Космос)  ;Космос-3М  ;Успешный 
21.05.74 09:16:00;"Запуск космического аппарата Целина-ОМ (""Космос-655"")";Плесецк  ;СК 132/1 (РН Космос)  ;Космос-3М  ;Успешный 
17.05.74 14:00:00;"Запуск космического аппарата ДС-У3-ИК-4 (""Интеркосмос-11"")";Капустин Яр  ;СК РН Космос  ;Космос-3М  ;Успешный 
05.03.74 19:05:00;"Запуск космического аппарата ДС-П1-Ю (""Космос-634"")";Плесецк  ;СК 132/1 (РН Космос)  ;Космос-1  ;Успешный 
27.02.74 14:05:00;"Запуск космического аппарата ДС-П1-Ю (""Космос-633"")";Плесецк  ;СК 132/1 (РН Космос)  ;Космос-1  ;Успешный 
06.02.74 03:34:00;"Запуск космического аппарата Целина-ОМ (""Космос-631"")";Плесецк  ;СК 132/1 (РН Космос)  ;Космос-3М  ;Успешный 
27.12.73 23:19:00;"Запуск космического аппарата ДС-У2-ГКА (""Ореол-2"")";Плесецк  ;СК 132/1 (РН Космос)  ;Космос-3М  ;Успешный 
13.12.73 14:10:00;"Запуск космического аппарата ДС-П1-И (""Космос-615"")";Плесецк  ;СК 132/1 (РН Космос)  ;Космос-1  ;Успешный 
28.11.73 12:29:00;"Запуск космического аппарата ДС-П1-Ю (""Космос-611"")";Плесецк  ;СК 132/1 (РН Космос)  ;Космос-1  ;Успешный 
27.11.73 03:08:00;"Запуск космического аппарата Целина-ОМ (""Космос-610"")";Плесецк  ;СК 132/1 (РН Космос)  ;Космос-3М  ;Успешный 
20.11.73 15:29:00;"Запуск космического аппарата ДС-П1-Ю (""Космос-608"")";Плесецк  ;СК 132/1 (РН Космос)  ;Космос-1  ;Успешный 
30.10.73 22:00:00;"Запуск космического аппарата ДС-У2-ИК-3 (""Интеркосмос-10"")";Плесецк  ;СК 132/1 (РН Космос)  ;Космос-3М  ;Успешный 
29.10.73 17:00:00;"Запуск космического аппарата Целина-Д (""Космос-604"")";Плесецк  ; ;Восток-2М  ;Успешный 
16.10.73 17:00:00;"Запуск космического аппарата ДС-П1-Ю (""Космос-601"")";Плесецк  ;СК 132/1 (РН Космос)  ;Космос-1  ;Успешный 
28.08.73 13:08:00;"Запуск космического аппарата Целина-ОМ (""Космос-582"")";Плесецк  ;СК 132/1 (РН Космос)  ;Космос-3М  ;Успешный 
22.08.73 14:24:00;"Запуск космического аппарата ДС-П1-Ю (""Космос-580"")";Плесецк  ;СК 132/1 (РН Космос)  ;Космос-1  ;Успешный 
05.06.73 14:29:00;"Запуск космического аппарата ДС-П1-Ю (""Космос-562"")";Плесецк  ;СК 132/1 (РН Космос)  ;Космос-1  ;Успешный 
17.05.73 16:19:00;"Запуск космического аппарата ДС-П1-Ю (""Космос-558"")";Плесецк  ;СК 132/1 (РН Космос)  ;Космос-1  ;Успешный 
19.04.73 13:19:00;"Запуск космического аппарата ДС-У2-ИК-8 (""Интеркосмос-9"")";Капустин Яр  ;СК РН Космос  ;Космос-1  ;Успешный 
12.04.73 14:49:00;"Запуск космического аппарата ДС-П1-Ю (""Космос-553"")";Плесецк  ;СК 132/1 (РН Космос)  ;Космос-1  ;Успешный 
26.02.73 07:37:00;"Запуск космического аппарата Целина-ОМ (""Космос-549"")";Плесецк  ;СК 132/1 (РН Космос)  ;Космос-3М  ;Успешный 
24.01.73 14:44:00;"Запуск космического аппарата ДС-П1-Ю (""Космос-545"")";Плесецк  ;СК 132/1 (РН Космос)  ;Космос-1  ;Успешный 
20.01.73 06:36:00;"Запуск космического аппарата Целина-ОМ (""Космос-544"")";Плесецк  ;СК 132/1 (РН Космос)  ;Космос-3М  ;Успешный 
28.12.72 14:00:00;"Запуск космического аппарата Целина-Д (""Космос-542"")";Плесецк  ; ;Восток-2М  ;Успешный 
01.12.72 00:49:00;"Запуск космического аппарата ДС-У1-ИК-2 (""Интеркосмос-8"")";Капустин Яр  ;СК РН Космос  ;Космос-1  ;Успешный 
03.11.72 04:34:00;"Запуск космического аппарата Целина-ОМ (""Космос-536"")";Плесецк  ;СК 132/1 (РН Космос)  ;Космос-3М  ;Успешный 
25.10.72 13:39:00;"Запуск космического аппарата ДС-П1-Ю (""Космос-526"")";Плесецк  ;СК 132/1 (РН Космос)  ;Космос-1  ;Успешный 
11.10.72 16:19:00;"Запуск космического аппарата ДС-П1-Ю (""Космос-524"")";Плесецк  ;СК 132/1 (РН Космос)  ;Космос-1  ;Успешный 
05.10.72 14:30:00;"Запуск космического аппарата ДС-П1-Ю (""Космос-523"")";Плесецк  ;СК 132/1 (РН Космос)  ;Космос-1  ;Успешный 
29.09.72 23:18:00;"Запуск космического аппарата Тюльпан (""Космос-521"")";Плесецк  ;СК 132/1 (РН Космос)  ;Космос-3М  ;Успешный 
12.07.72 08:59:00;"Запуск космического аппарата ДС-П1-Ю (""Космос-501"")";Плесецк  ;СК 132/1 (РН Космос)  ;Космос-1  ;Успешный 
10.07.72 19:15:00;"Запуск космического аппарата Целина-ОМ (""Космос-500"")";Плесецк  ;СК 132/1 (РН Космос)  ;Космос-3М  ;Успешный 
05.07.72 12:29:00;"Запуск космического аппарата ДС-П1-Ю (""Космос-498"")";Плесецк  ;СК 132/1 (РН Космос)  ;Космос-1  ;Успешный 
30.06.72 12:19:00;"Запуск космического аппарата ДС-П1-И (""Космос-497"")";Плесецк  ;СК 132/1 (РН Космос)  ;Космос-1  ;Успешный 
30.06.72 08:58:00;"Запуск космического аппарата ДС-У3-ИК-1 (""Интеркосмос-7"")";Капустин Яр  ;СК РН Космос  ;Космос-1  ;Успешный 
21.04.72 14:59:00;"Запуск космического аппарата ДС-П1-Ю (""Космос-487"")";Плесецк  ;СК 132/1 (РН Космос)  ;Космос-1  ;Успешный 
11.04.72 14:04:00;"Запуск космического аппарата ДС-П1-Ю (""Космос-485"")";Плесецк  ;СК 132/1 (РН Космос)  ;Космос-1  ;Успешный 
25.03.72 13:39:00;"Запуск космического аппарата ДС-П1-Ю (""Космос-481"")";Плесецк  ;СК 132/1 (РН Космос)  ;Космос-1  ;Успешный 
22.03.72 23:30:00;"Запуск космического аппарата Целина-ОМ (""Космос-479"")";Плесецк  ;СК 132/1 (РН Космос)  ;Космос-3М  ;Успешный 
01.03.72 14:15:00;"Запуск космического аппарата Целина-Д (""Космос-476"")";Плесецк  ; ;Восток-2М  ;Успешный 
25.01.72 14:15:00;"Запуск космического аппарата ДС-П1-Ю (""Космос-472"")";Плесецк  ;СК 132/1 (РН Космос)  ;Космос-1  ;Успешный 
27.12.71 17:04:00;"Запуск космического аппарата ДС-У2-ГКА (""Ореол-1"")";Плесецк  ;СК 132/1 (РН Космос)  ;Космос-3М  ;Успешный 
17.12.71 13:39:00;"Запуск космического аппарата ДС-П1-Ю (""Космос-467"")";Плесецк  ;СК 132/1 (РН Космос)  ;Космос-1  ;Успешный 
02.12.71 20:30:00;"Запуск космического аппарата ДС-У2-МТ (""Космос-461"")";Плесецк  ;СК 132/1 (РН Космос)  ;Космос-1  ;Успешный 
02.12.71 11:25:00;"Запуск космического аппарата ДС-У2-ИК-2 (""Интеркосмос-5"")";Капустин Яр  ;СК РН Космос  ;Космос-1  ;Успешный 
30.11.71 19:39:00;"Запуск космического аппарата Целина-ОМ (""Космос-460"")";Плесецк  ;СК 132/1 (РН Космос)  ;Космос-3М  ;Успешный 
29.11.71 20:30:00;"Запуск космического аппарата Тюльпан (""Космос-459"")";Плесецк  ;СК 132/1 (РН Космос)  ;Космос-3М  ;Успешный 
29.11.71 13:09:00;"Запуск космического аппарата ДС-П1-Ю (""Космос-458"")";Плесецк  ;СК 132/1 (РН Космос)  ;Космос-1  ;Успешный 
17.11.71 14:09:00;"Запуск космического аппарата ДС-П1-Ю (""Космос-455"")";Плесецк  ;СК 132/1 (РН Космос)  ;Космос-1  ;Успешный 
19.10.71 15:40:00;"Запуск космического аппарата ДС-П1-Ю (""Космос-453"")";Плесецк  ;СК 132/1 (РН Космос)  ;Космос-1  ;Успешный 
24.09.71 13:30:00;"Запуск космического аппарата ДС-П1-И (""Космос-440"")";Плесецк  ;СК 132/1 (РН Космос)  ;Космос-1  ;Успешный 
10.09.71 06:37:00;"Запуск космического аппарата Целина-ОМ (""Космос-437"")";Плесецк  ;СК 132/1 (РН Космос)  ;Космос-3М  ;Успешный 
07.09.71 04:15:00;"Запуск космического аппарата Целина-ОМ (""Космос-436"")";Плесецк  ;СК 132/1 (РН Космос)  ;Космос-3М  ;Успешный 
27.08.71 13:54:00;"Запуск космического аппарата ДС-П1-Ю (""Космос-435"")";Плесецк  ;СК 132/1 (РН Космос)  ;Космос-1  ;Успешный 
04.06.71 21:10:00;"Запуск космического аппарата ДС-У2-К (""Космос-426"")";Плесецк  ;СК 132/1 (РН Космос)  ;Космос-3М  ;Успешный 
29.05.71 06:49:00;"Запуск космического аппарата Целина-ОМ (""Космос-425"")";Плесецк  ;СК 132/1 (РН Космос)  ;Космос-3М  ;Успешный 
27.05.71 14:59:00;"Запуск космического аппарата ДС-П1-Ю (""Космос-423"")";Плесецк  ;СК 132/1 (РН Космос)  ;Космос-1  ;Успешный 
19.05.71 13:20:00;"Запуск космического аппарата ДС-П1-Ю (""Космос-421"")";Плесецк  ;СК 132/1 (РН Космос)  ;Космос-1  ;Успешный 
24.04.71 14:15:00;"Запуск космического аппарата ДС-П1-Ю (""Космос-408"")";Плесецк  ;СК 132/1 (РН Космос)  ;Космос-1  ;Успешный 
07.04.71 10:10:00;"Запуск космического аппарата Целина-Д (""Космос-405"")";Плесецк  ; ;Восток-2М  ;Успешный 
19.03.71 00:45:00;"Запуск космического аппарата Тюльпан (""Космос-400"")";Плесецк  ;СК 132/1 (РН Космос)  ;Космос-3М  ;Успешный 
18.02.71 00:09:00;"Запуск космического аппарата Целина-ОМ (""Космос-395"")";Плесецк  ;СК 132/1 (РН Космос)  ;Космос-3М  ;Успешный 
09.02.71 21:48:00;"Запуск космического аппарата Тюльпан (""Космос-394"")";Плесецк  ;СК 132/1 (РН Космос)  ;Космос-3М  ;Успешный 
26.01.71 15:44:00;"Запуск космического аппарата ДС-П1-Ю (""Космос-393"")";Плесецк  ;СК 132/1 (РН Космос)  ;Космос-1  ;Успешный 
14.01.71 15:00:00;"Запуск космического аппарата ДС-П1-И (""Космос-391"")";Плесецк  ;СК 132/1 (РН Космос)  ;Космос-1  ;Успешный 
18.12.70 19:15:00;"Запуск космического аппарата Целина-Д (""Космос-389"")";Плесецк  ; ;Восток-2М  ;Успешный 
18.12.70 12:39:00;"Запуск космического аппарата ДС-П1-Ю (""Космос-388"")";Плесецк  ;СК 132/1 (РН Космос)  ;Космос-1  ;Успешный 
16.12.70 07:29:00;"Запуск космического аппарата Целина-ОМ (""Космос-387"")";Плесецк  ;СК 132/1 (РН Космос)  ;Космос-3М  ;Успешный 
24.11.70 13:59:00;"Запуск космического аппарата ДС-П1-Ю (""Космос-380"")";Плесецк  ;СК 132/1 (РН Космос)  ;Космос-1  ;Успешный 
17.11.70 21:20:00;"Запуск космического аппарата ДС-У2-ИП (""Космос-378"")";Плесецк  ;СК 132/1 (РН Космос)  ;Космос-3М  ;Успешный 
14.10.70 14:29:00;"Запуск космического аппарата ДС-У3-ИК-2 (""Интеркосмос-4"")";Капустин Яр  ;СК РН Космос  ;Космос-1  ;Успешный 
08.10.70 18:10:00;"Запуск космического аппарата ДС-П1-Ю (""Космос-369"")";Плесецк  ;СК 132/1 (РН Космос)  ;Космос-1  ;Успешный 
16.09.70 14:59:00;"Запуск космического аппарата ДС-П1-И (""Космос-362"")";Плесецк  ;СК 132/1 (РН Космос)  ;Космос-1  ;Успешный 
19.08.70 17:59:00;"Запуск космического аппарата ДС-П1-Ю (""Космос-357"")";Плесецк  ;СК 132/1 (РН Космос)  ;Космос-1  ;Успешный 
10.08.70 22:59:00;"Запуск космического аппарата ДС-У2-МГ (""Космос-356"")";Плесецк  ;СК 132/1 (РН Космос)  ;Космос-1  ;Успешный 
07.08.70 05:59:00;"Запуск космического аппарата ДС-У2-ИК-1 (""Интеркосмос-3"")";Капустин Яр  ;СК РН Космос  ;Космос-1  ;Успешный 
27.06.70 10:39:00;"Запуск космического аппарата ДС-П1-Ю (""Космос-351"")";Плесецк  ;СК 132/1 (РН Космос)  ;Космос-1  ;Успешный 
13.06.70 07:59:00;"Запуск космического аппарата ДС-У2-ГК (""Космос-348"")";Плесецк  ;СК 132/1 (РН Космос)  ;Космос-1  ;Успешный 
12.06.70 12:30:00;"Запуск космического аппарата ДС-П1-Ю (""Космос-347"")";Плесецк  ;СК 132/1 (РН Космос)  ;Космос-1  ;Успешный 
24.04.70 01:24:00;"Запуск космического аппарата ДС-У1-Р (""Космос-335"")";Капустин Яр  ;СК РН Космос  ;Космос-1  ;Успешный 
23.04.70 16:20:00;"Запуск космического аппарата ДС-П1-Ю (""Космос-334"")";Плесецк  ;СК 132/1 (РН Космос)  ;Космос-1  ;Успешный 
07.04.70 14:10:00;"Запуск космического аппарата Целина-ОМ (""Космос-330"")";Плесецк  ;СК 132/1 (РН Космос)  ;Космос-3М  ;Успешный 
18.03.70 17:39:00;"Запуск космического аппарата ДС-П1-И (""Космос-327"")";Плесецк  ;СК 132/1 (РН Космос)  ;Космос-1  ;Успешный 
27.02.70 20:24:00;"Запуск космического аппарата ДС-П1-Ю (""Космос-324"")";Плесецк  ;СК 132/1 (РН Космос)  ;Космос-1  ;Успешный 
20.01.70 23:20:00;"Запуск космического аппарата ДС-У2-МГ (""Космос-321"")";Плесецк  ;СК 132/1 (РН Космос)  ;Космос-1  ;Успешный 
16.01.70 13:59:00;"Запуск космического аппарата ДС-МО (""Космос-320"")";Капустин Яр  ;СК РН Космос  ;Космос-1  ;Успешный 
15.01.70 16:39:00;"Запуск космического аппарата ДС-П1-Ю (""Космос-319"")";Плесецк  ;СК 132/1 (РН Космос)  ;Космос-1  ;Успешный 
27.12.89 03:00:00;"Запуск космического аппарата Кольцо (""Космос-2053"")";Плесецк  ; ;Циклон-3  ;Успешный 
28.09.89 03:04:00;"Запуск космического аппарата АУОС-З-АВ-ИК (""Интеркосмос-24"")";Плесецк  ; ;Циклон-3  ;Успешный 
04.07.89 18:21:00;Запуск космического аппарата Надежда №1;Плесецк  ;СК 132/1 (РН Космос)  ;Космос-3М  ;Успешный 
13.06.89 00:00:00;"Запуск космического аппарата Тайфун-1 (""Космос-2027"")";Плесецк  ;СК 132/1 (РН Космос)  ;Космос-3М  ;Успешный 
14.02.89 20:00:00;"Запуск космического аппарата Дуга-К (""Космос-2002"")";Плесецк  ;СК 132/1 (РН Космос)  ;Космос-3М  ;Успешный 
23.12.88 10:20:00;"Запуск космического аппарата Кольцо (""Космос-1985"")";Плесецк  ; ;Циклон-3  ;Успешный 
23.11.88 17:50:00;"Запуск космического аппарата Целина-2 (""Космос-1980"")";Байконур  ; ;Зенит-2  ;Успешный 
11.10.88 11:01:00;"Запуск космического аппарата Целина-Д (""Космос-1975"")";Плесецк  ; ;Циклон-3  ;Успешный 
28.07.88 14:20:00;"Запуск космического аппарата Тайфун-2 (""Космос-1960"")";Плесецк  ;СК 132/1 (РН Космос)  ;Космос-3М  ;Успешный 
14.07.88 14:40:00;"Запуск космического аппарата Тайфун-1 (""Космос-1958"")";Плесецк  ;СК 132/1 (РН Космос)  ;Космос-3М  ;Успешный 
05.07.88 12:45:00;"Запуск космического аппарата Океан-О1 (""Океан"")";Плесецк  ; ;Циклон-3  ;Успешный 
14.06.88 06:18:00;"Запуск космического аппарата Целина-Д (""Космос-1953"")";Плесецк  ; ;Циклон-3  ;Успешный 
15.05.88 12:20:00;"Запуск космического аппарата Целина-2 (""Космос-1943"")";Байконур  ; ;Зенит-2  ;Успешный 
15.03.88 21:50:00;"Запуск космического аппарата Целина-Д (""Космос-1933"")";Плесецк  ; ;Циклон-3  ;Успешный 
06.01.88 10:41:00;"Запуск космического аппарата Целина-Д (""Космос-1908"")";Плесецк  ; ;Циклон-3  ;Успешный 
15.12.87 16:30:00;"Запуск космического аппарата Тайфун-1 (""Космос-1902"")";Плесецк  ;СК 132/1 (РН Космос)  ;Космос-3М  ;Успешный 
20.10.87 12:09:00;"Запуск космического аппарата Целина-Д (""Космос-1892"")";Плесецк  ; ;Циклон-3  ;Успешный 
28.08.87 11:20:00;"Запуск космического аппарата ЭПН 03.695 (""Космос-1873"")";Байконур  ; ;Зенит-2  ;Успешный 
01.08.87 06:59:00;"Запуск космического аппарата ЭПН 03.695 (""Космос-1871"")";Байконур  ; ;Зенит-2  ;Успешный 
16.07.87 07:25:00;"Запуск космического аппарата Океан-О1 (""Космос-1869"")";Плесецк  ; ;Циклон-3  ;Успешный 
01.07.87 22:35:00;"Запуск космического аппарата Целина-Д (""Космос-1862"")";Плесецк  ; ;Циклон-3  ;Успешный 
13.05.87 08:40:00;"Запуск космического аппарата Целина-2 (""Космос-1844"")";Байконур  ; ;Зенит-2  ;Успешный 
27.04.87 03:00:00;"Запуск космического аппарата Целина-Д (""Космос-1842"")";Плесецк  ; ;Циклон-3  ;Успешный 
18.03.87 11:30:00;"Запуск космического аппарата ЭПН 03.694 (""Космос-1833"")";Байконур  ; ;Зенит-2  ;Успешный 
03.03.87 18:03:00;"Запуск космического аппарата Целина-Д (""Космос-1825"")";Плесецк  ; ;Циклон-3  ;Успешный 
14.02.87 11:30:00;"Запуск космического аппарата ЭПН 03.695 (""Космос-1820"")";Байконур  ; ;Зенит-2  ;Успешный 
22.01.87 10:00:00;"Запуск космического аппарата Тайфун-2 (""Космос-1815"")";Плесецк  ;СК 132/1 (РН Космос)  ;Космос-3М  ;Успешный 
14.01.87 12:05:00;"Запуск космического аппарата Целина-Д (""Космос-1812"")";Плесецк  ; ;Циклон-3  ;Успешный 
18.12.86 11:00:00;"Запуск космического аппарата АУОС-З-И-Э (""Космос-1809"")";Плесецк  ; ;Циклон-3  ;Успешный 
10.12.86 10:30:00;"Запуск космического аппарата Целина-Р (""Космос-1805"")";Плесецк  ; ;Циклон-3  ;Успешный 
27.10.86 15:40:00;"Запуск космического аппарата Тайфун-1 (""Космос-1788"")";Плесецк  ;СК 132/1 (РН Космос)  ;Космос-3М  ;Успешный 
22.10.86 12:00:00;"Запуск космического аппарата Тайфун-1Б (""Космос-1787"")";Байконур  ; ;Космос-3М  ;Успешный 
22.10.86 11:00:00;"Запуск космического аппарата Тайфун-1Б (""Космос-1786"")";Байконур  ; ;Зенит-2  ;Успешный 
30.09.86 21:34:00;"Запуск космического аппарата Целина-Д (""Космос-1782"")";Плесецк  ; ;Циклон-3  ;Успешный 
30.09.86 21:34:00;"Запуск космического аппарата Тайфун-2 (""Космос-1776"")";Плесецк  ;СК 132/1 (РН Космос)  ;Космос-3М  ;Успешный 
30.07.86 11:30:00;"Запуск космического аппарата ЭПН 03.695 (""Космос-1767"")";Байконур  ; ;Зенит-2  ;Успешный 
28.07.86 00:08:00;"Запуск космического аппарата Океан-О1 (""Космос-1766"")";Плесецк  ; ;Циклон-3  ;Успешный 
12.06.86 07:43:00;"Запуск космического аппарата Целина-Д (""Космос-1758"")";Плесецк  ; ;Циклон-3  ;Успешный 
15.05.86 07:26:00;"Запуск космического аппарата Целина-Д (""Космос-1743"")";Плесецк  ; ;Циклон-3  ;Успешный 
20.02.86 02:04:00;"Запуск космического аппарата Целина-Д (""Космос-1733"")";Плесецк  ; ;Циклон-3  ;Успешный 
17.01.86 10:21:00;"Запуск космического аппарата Целина-Д (""Космос-1726"")";Плесецк  ; ;Циклон-3  ;Успешный 
28.12.85 12:16:00;"Запуск космического аппарата Целина-2 (""Космос-1714"")";Байконур  ; ;Зенит-2  ;Успешный 
12.12.85 18:51:00;"Запуск космического аппарата Целина-Д (""Космос-1707"")";Плесецк  ; ;Циклон-3  ;Успешный 
23.11.85 01:20:00;"Запуск космического аппарата Целина-Д (""Космос-1703"")";Плесецк  ; ;Циклон-3  ;Успешный 
22.10.85 11:00:00;"Запуск космического аппарата ЭПН 03.694 (""Космос-1697"")";Байконур  ; ;Зенит-2  ;Успешный 
02.10.85 09:00:00;"Запуск космического аппарата Тайфун-2 (""Космос-1688"")";Капустин Яр  ;СК РН Космос  ;Космос-3М  ;Успешный 
08.08.85 14:49:00;"Запуск космического аппарата Целина-Д (""Космос-1674"")";Плесецк  ; ;Циклон-3  ;Успешный 
09.07.85 02:40:00;"Запуск космического аппарата Целина-Д (""Космос-1666"")";Плесецк  ; ;Циклон-3  ;Успешный 
19.06.85 14:30:00;"Запуск космического аппарата Тайфун-2 (""Космос-1662"")";Плесецк  ;СК 132/1 (РН Космос)  ;Космос-3М  ;Успешный 
30.05.85 17:59:00;"Запуск космического аппарата Целина-2 (""Космос-1656"")";Байконур  ; ;Протон-К  ;Успешный 
05.03.85 18:39:00;"Запуск космического аппарата Целина-Д (""Космос-1633"")";Плесецк  ; ;Циклон-3  ;Успешный 
27.02.85 15:56:00;"Запуск космического аппарата Тайфун-1 (""Космос-1631"")";Плесецк  ;СК 132/1 (РН Космос)  ;Космос-3М  ;Успешный 
24.01.85 19:45:00;"Запуск космического аппарата Целина-Д (""Космос-1626"")";Плесецк  ; ;Циклон-3  ;Успешный 
20.12.84 16:00:00;"Запуск космического аппарата Тайфун-1Б (""Космос-1615"")";Плесецк  ;СК 132/1 (РН Космос)  ;Космос-3М  ;Успешный 
18.10.84 20:46:00;"Запуск космического аппарата Целина-Д (""Космос-1606"")";Плесецк  ; ;Циклон-3  ;Успешный 
28.09.84 17:00:00;"Запуск космического аппарата Целина-2 (""Космос-1603"")";Байконур  ; ;Протон-К  ;Успешный 
28.09.84 09:00:00;"Запуск космического аппарата Океан-ОЭ (""Космос-1602"")";Плесецк  ; ;Циклон-3  ;Успешный 
27.09.84 12:30:00;"Запуск космического аппарата Тайфун-2 (""Космос-1601"")";Плесецк  ;СК 132/1 (РН Космос)  ;Космос-3М  ;Успешный 
27.06.84 07:59:00;"Запуск космического аппарата Тайфун-1Б (""Космос-1577"")";Плесецк  ;СК 132/1 (РН Космос)  ;Космос-3М  ;Успешный 
15.03.84 20:05:00;"Запуск космического аппарата Целина-Д (""Космос-1544"")";Плесецк  ; ;Циклон-3  ;Успешный 
08.02.84 12:53:00;"Запуск космического аппарата Целина-Д (""Космос-1536"")";Плесецк  ; ;Циклон-3  ;Успешный 
26.01.84 15:00:00;"Запуск космического аппарата Тайфун-1 (""Космос-1534"")";Плесецк  ;СК 132/1 (РН Космос)  ;Космос-3М  ;Успешный 
15.12.83 15:25:00;"Запуск космического аппарата Целина-Д (""Космос-1515"")";Плесецк  ; ;Циклон-3  ;Успешный 
11.11.83 15:30:00;"Запуск космического аппарата Тайфун-1 (""Космос-1508"")";Плесецк  ;СК 132/1 (РН Космос)  ;Космос-3М  ;Успешный 
05.10.83 15:00:00;"Запуск космического аппарата Тайфун-1Б (""Космос-1502"")";Плесецк  ;СК 132/1 (РН Космос)  ;Космос-3М  ;Успешный 
30.09.83 14:00:00;"Запуск космического аппарата Тайфун-2 (""Космос-1501"")";Плесецк  ;СК 132/1 (РН Космос)  ;Космос-3М  ;Успешный 
28.09.83 10:59:00;"Запуск космического аппарата Океан-ОЭ (""Космос-1500"")";Плесецк  ; ;Циклон-3  ;Успешный 
31.08.83 09:30:00;"Запуск космического аппарата Тайфун-2 (""Космос-1494"")";Капустин Яр  ;СК РН Космос  ;Космос-3М  ;Успешный 
20.07.83 11:00:00;"Запуск космического аппарата Целина-Д (""Космос-1483"")";Плесецк  ; ;Циклон-3  ;Успешный 
23.06.83 02:58:00;"Запуск космического аппарата Целина-Д (""Космос-1470"")";Плесецк  ; ;Циклон-3  ;Успешный 
26.05.83 08:00:00;"Запуск космического аппарата Тайфун-2 (""Космос-1465"")";Капустин Яр  ;СК РН Космос  ;Космос-3М  ;Успешный 
19.05.83 15:00:00;"Запуск космического аппарата Тайфун-1Б (""Космос-1463"")";Плесецк  ;СК 132/1 (РН Космос)  ;Космос-3М  ;Успешный 
23.04.83 17:30:00;"Запуск космического аппарата Целина-Д (""Космос-1455"")";Плесецк  ; ;Циклон-3  ;Успешный 
19.04.83 15:00:00;"Запуск космического аппарата Тайфун-2 (""Космос-1453"")";Плесецк  ;СК 132/1 (РН Космос)  ;Космос-3М  ;Успешный 
06.04.83 15:00:00;"Запуск космического аппарата Тайфун-1 (""Космос-1450"")";Плесецк  ;СК 132/1 (РН Космос)  ;Космос-3М  ;Успешный 
16.02.83 13:03:00;"Запуск космического аппарата Целина-Д (""Космос-1441"")";Плесецк  ; ;Восток-2М  ;Успешный 
27.01.83 11:30:00;"Запуск космического аппарата Тайфун-2 (""Космос-1438"")";Плесецк  ;СК 132/1 (РН Космос)  ;Космос-3М  ;Успешный 
20.01.83 20:26:00;"Запуск космического аппарата Целина-Д (""Космос-1437"")";Плесецк  ; ;Восток-2М  ;Успешный 
28.12.82 15:00:00;"Запуск космического аппарата Тайфун-1Б (""Космос-1427"")";Плесецк  ;СК 132/1 (РН Космос)  ;Космос-3М  ;Успешный 
21.10.82 17:00:00;"Запуск космического аппарата Тайфун-1Б (""Космос-1418"")";Капустин Яр  ;СК РН Космос  ;Космос-3М  ;Успешный 
16.09.82 21:31:00;"Запуск космического аппарата Целина-Д (""Космос-1408"")";Плесецк  ; ;Циклон-3  ;Успешный 
05.08.82 09:56:00;"Запуск космического аппарата Целина-Д (""Космос-1400"")";Плесецк  ; ;Восток-2М  ;Успешный 
29.07.82 22:40:00;"Запуск космического аппарата Тайфун-2 (""Космос-1397"")";Капустин Яр  ;СК РН Космос  ;Космос-3М  ;Успешный 
10.06.82 20:37:00;"Запуск космического аппарата Целина-Д (""Космос-1378"")";Плесецк  ; ;Циклон-3  ;Успешный 
06.06.82 20:10:00;"Запуск космического аппарата Тюльпан (""Космос-1375"")";Плесецк  ;СК 132/1 (РН Космос)  ;Космос-3М  ;Успешный 
05.05.82 11:01:00;"Запуск космического аппарата Целина-Д (""Космос-1356"")";Плесецк  ; ;Восток-2М  ;Успешный 
21.04.82 03:40:00;"Запуск космического аппарата Тайфун-2 (""Космос-1351"")";Капустин Яр  ;СК РН Космос  ;Космос-3М  ;Успешный 
31.03.82 19:27:00;"Запуск космического аппарата Целина-Д (""Космос-1346"")";Плесецк  ; ;Восток-2М  ;Успешный 
31.03.82 12:00:00;"Запуск космического аппарата Целина-ОМ (""Космос-1345"")";Плесецк  ;СК 132/1 (РН Космос)  ;Космос-3М  ;Успешный 
19.02.82 04:42:00;"Запуск космического аппарата Целина-Д (""Космос-1340"")";Плесецк  ; ;Восток-2М  ;Успешный 
29.01.82 14:00:00;"Запуск космического аппарата Тайфун-2 (""Космос-1335"")";Плесецк  ;СК 132/1 (РН Космос)  ;Космос-3М  ;Успешный 
03.12.81 14:47:00;"Запуск космического аппарата Целина-Д (""Космос-1328"")";Плесецк  ; ;Циклон-3  ;Успешный 
14.10.81 02:01:00;"Запуск космического аппарата Целина-Д (""Космос-1315"")";Плесецк  ; ;Восток-2М  ;Успешный 
29.09.81 00:00:00;"Запуск космического аппарата Тайфун-2 (""Космос-1311"")";Плесецк  ;СК 132/1 (РН Космос)  ;Космос-3М  ;Успешный 
23.09.81 11:00:00;"Запуск космического аппарата Тайфун-1 (""Космос-1310"")";Плесецк  ;СК 132/1 (РН Космос)  ;Космос-3М  ;Успешный 
21.09.81 16:10:00;"Запуск космического аппарата АУОС-З-М-А-ИК (""Ореол-3"")";Плесецк  ; ;Циклон-3  ;Успешный 
25.08.81 00:40:00;"Запуск космического аппарата Целина-Д (""Космос-1300"")";Плесецк  ; ;Циклон-3  ;Успешный 
19.05.81 06:49:00;"Запуск космического аппарата Целина-Д (""Космос-1271"")";Плесецк  ; ;Восток-2М  ;Успешный 
09.04.81 18:00:00;"Запуск космического аппарата Тайфун-1 (""Космос-1263"")";Плесецк  ;СК 132/1 (РН Космос)  ;Космос-3М  ;Успешный 
06.02.81 11:00:00;"Запуск космического аппарата АУОС-З-Р-П-ИК (""Интеркосмос-21"")";Плесецк  ;СК 132/1 (РН Космос)  ;Космос-3М  ;Успешный 
27.01.81 17:58:00;"Запуск космического аппарата Целина-Д (""Космос-1242"")";Плесецк  ; ;Восток-2М  ;Успешный 
21.01.81 11:29:00;"Запуск космического аппарата Тюльпан (""Космос-1241"")";Плесецк  ;СК 132/1 (РН Космос)  ;Космос-3М  ;Успешный 
16.01.81 15:00:00;"Запуск космического аппарата Тайфун-1 (""Космос-1238"")";Плесецк  ;СК 132/1 (РН Космос)  ;Космос-3М  ;Успешный 
21.11.80 14:53:00;"Запуск космического аппарата Целина-Д (""Космос-1222"")";Плесецк  ; ;Восток-2М  ;Успешный 
14.10.80 23:41:00;"Запуск космического аппарата Целина-ОМ (""Космос-1215"")";Плесецк  ;СК 132/1 (РН Космос)  ;Космос-3М  ;Успешный 
15.08.80 08:34:00;"Запуск космического аппарата Целина-Д (""Космос-1206"")";Плесецк  ; ;Восток-2М  ;Успешный 
31.07.80 13:20:00;"Запуск космического аппарата Тайфун-2 (""Космос-1204"")";Капустин Яр  ;СК РН Космос  ;Космос-3М  ;Успешный 
06.06.80 14:00:00;"Запуск космического аппарата Тайфун-2 (""Космос-1186"")";Плесецк  ;СК 132/1 (РН Космос)  ;Космос-3М  ;Успешный 
04.06.80 10:34:00;"Запуск космического аппарата Целина-Д (""Космос-1184"")";Плесецк  ; ;Восток-2М  ;Успешный 
14.05.80 16:00:00;"Запуск космического аппарата Тайфун-1Б (""Космос-1179"")";Плесецк  ;СК 132/1 (РН Космос)  ;Космос-3М  ;Успешный 
03.04.80 10:40:00;"Запуск космического аппарата Тюльпан (""Космос-1171"")";Плесецк  ;СК 132/1 (РН Космос)  ;Космос-3М  ;Успешный 
27.03.80 10:30:00;"Запуск космического аппарата Тайфун-1 (""Космос-1169"")";Плесецк  ;СК 132/1 (РН Космос)  ;Космос-3М  ;Успешный 
30.01.80 15:51:00;"Запуск космического аппарата Целина-Д (""Космос-1154"")";Плесецк  ; ;Восток-2М  ;Успешный 
23.01.80 10:00:00;"Запуск космического аппарата Океан-Э №2 (""Космос-1151"")";Плесецк  ; ;Циклон-3  ;Успешный 
26.12.99 11:00:00;"Запуск космического аппарата ""Космос-2367""";Байконур  ;СК РН Циклон. Пл. №90. ПУ №20  ;Циклон-2  ;Успешный 
06.09.99 19:36:00;Запуск двух космических аппаратов Ямал;Байконур  ;СК РН типа Протон. Пл. №81. ПУ №24  ;Протон-К с РБ  ;Успешный 
19.07.99 00:00:00;"Запуск космического аппарата Океан-О (""Океан"")";Байконур  ; ;Зенит-2  ;Успешный 
30.12.98 21:35:00;Запуск трех космических аппаратов системы ГЛОНАСС;Байконур  ;СК РН типа Протон. Пл. №200. ПУ №39  ;Протон-К с РБ  ;Успешный 
20.11.98 09:40:00;Запуск Функционального грузового блока Заря;Байконур  ;СК РН типа Протон. Пл. №81. ПУ №24  ;Протон-К  ;Успешный 
28.07.98 12:15:00;"Запуск космического аппарата Целина-2 (""Космос-2360"")";Байконур  ; ;Зенит-2  ;Успешный 
14.02.97 06:47:00;Запуск трех КА Гонец-Д и трех аппаратов серии Космос;Плесецк  ;СК 32/1 (РН Циклон)  ;Циклон-3  ;Успешный 
04.09.96 12:01:00;"Запуск космического аппарата Целина-2 (""Космос-2333"")";Байконур  ; ;Зенит-2  ;Успешный 
25.05.96 05:05:00;Запуск космического аппарата Горизонт №32;Байконур  ;СК РН типа Протон. Пл. №200. ПУ №39  ;Протон-К с РБ  ;Успешный 
19.02.96 15:58:00;Запуск трех КА Гонец-Д и трех аппаратов серии Космос;Плесецк  ;СК 32/1 (РН Циклон)  ;Циклон-3  ;Успешный 
25.01.96 12:56:00;Запуск космического аппарата Горизонт №31;Байконур  ;СК РН типа Протон. Пл. №200. ПУ №39  ;Протон-К с РБ  ;Успешный 
17.11.95 17:25:00;Запуск космического аппарата Галс;Байконур  ;СК РН типа Протон. Пл. №200. ПУ №39  ;Протон-К с РБ  ;Успешный 
31.10.95 23:19:00;"Запуск космического аппарата Целина-2 (""Космос-2322"")";Байконур  ; ;Зенит-2  ;Успешный 
31.08.95 09:49:00;"Запуск космического аппарата Сiч (""Сiч-1"")";Плесецк  ; ;Циклон-3  ;Успешный 
02.03.95 16:00:00;"Запуск космического аппарата Тайфун-2 (""Космос-2306"")";Плесецк  ;СК 132/1 (РН Космос)  ;Космос-3М  ;Успешный 
24.11.94 12:15:00;"Запуск космического аппарата Целина-2 (""Космос-2297"")";Байконур  ; ;Зенит-2  ;Успешный 
11.10.94 17:30:00;"Запуск космического аппарата Океан-О1 (""Океан"")";Плесецк  ; ;Циклон-3  ;Успешный 
27.09.94 17:00:00;"Запуск космического аппарата Тайфун-1 (""Космос-2292"")";Плесецк  ;СК 132/1 (РН Космос)  ;Космос-3М  ;Успешный 
20.05.94 05:01:00;Запуск космического аппарата Горизонт №30;Байконур  ;СК РН типа Протон. Пл. №81. ПУ №24  ;Протон-К с РБ  ;Успешный 
23.04.94 11:01:00;"Запуск космического аппарата Целина-2 (""Космос-2278"")";Байконур  ; ;Зенит-2  ;Успешный 
02.03.94 06:25:00;"Запуск космического аппарата АУОС-СМ-КИ (""Коронас-И"")";Плесецк  ; ;Циклон-3  ;Успешный 
20.01.94 12:49:00;Запуск космического аппарата Галс;Байконур  ;СК РН типа Протон. Пл. №81. ПУ №24  ;Протон-К с РБ  ;Успешный 
18.11.93 04:54:00;Запуск космического аппарата Горизонт №29;Байконур  ;СК РН типа Протон. Пл. №81. ПУ №24  ;Протон-К с РБ  ;Успешный 
28.10.93 06:17:00;Запуск космического аппарата Горизонт №28;Байконур  ;СК РН типа Протон. Пл. №81. ПУ №24  ;Протон-К с РБ  ;Успешный 
26.10.93 13:00:00;"Запуск космического аппарата Тайфун-1Б (""Космос-2265"")";Плесецк  ;СК 132/1 (РН Космос)  ;Космос-3М  ;Успешный 
16.09.93 10:36:00;"Запуск космического аппарата Целина-2 (""Космос-2263"")";Байконур  ; ;Зенит-2  ;Успешный 
16.04.93 10:49:00;"Запуск космического аппарата Целина-Р (""Космос-2242"")";Плесецк  ; ;Циклон-3  ;Успешный 
26.03.93 05:21:00;"Запуск космического аппарата Целина-2 (""Космос-2237"")";Байконур  ; ;Зенит-2  ;Успешный 
25.12.92 23:07:00;"Запуск космического аппарата Целина-Д (""Космос-2228"")";Плесецк  ; ;Циклон-3  ;Успешный 
25.12.92 08:56:00;"Запуск космического аппарата Целина-2 (""Космос-2227"")";Байконур  ; ;Зенит-2  ;Успешный 
27.11.92 04:10:00;Запуск космического аппарата Горизонт №27;Байконур  ;СК РН типа Протон. Пл. №81. ПУ №24  ;Протон-К с РБ  ;Успешный 
24.11.92 07:09:00;"Запуск космического аппарата Целина-Д (""Космос-2221"")";Плесецк  ; ;Циклон-3  ;Успешный 
17.11.92 10:47:00;"Запуск космического аппарата Целина-2 (""Космос-2219"")";Байконур  ; ;Зенит-2  ;Успешный 
15.07.92 01:02:00;Запуск космического аппарата Горизонт №26;Байконур  ;СК РН типа Протон. Пл. №81. ПУ №24  ;Протон-К с РБ  ;Успешный 
02.04.92 04:50:00;Запуск космического аппарата Горизонт №25;Байконур  ;СК РН типа Протон. Пл. №81. ПУ №24  ;Протон-К с РБ  ;Успешный 
18.12.91 06:54:00;"Запуск космического аппарата АУОС-З-АП-ИК (""Интеркосмос-25"")";Плесецк  ; ;Циклон-3  ;Успешный 
15.08.91 12:14:00;Запуск космического аппарата Метеор-3;Плесецк  ; ; ;Успешный 
13.06.91 18:41:00;"Запуск космического аппарата Целина-Р (""Космос-2151"")";Плесецк  ; ;Циклон-3  ;Успешный 
04.06.91 11:10:00;"Запуск космического аппарата Океан-О1 (""Океан"")";Плесецк  ; ;Циклон-3  ;Успешный 
28.11.90 19:33:00;"Запуск космического аппарата Кольцо (""Космос-2106"")";Плесецк  ; ;Циклон-3  ;Успешный 
28.08.90 18:45:00;"Запуск космического аппарата Тайфун-1 (""Космос-2098"")";Плесецк  ;СК 132/1 (РН Космос)  ;Космос-3М  ;Успешный 
22.05.90 08:14:00;"Запуск космического аппарата Целина-2 (""Космос-2082"")";Байконур  ; ;Зенит-2  ;Успешный 
25.04.90 16:00:00;"Запуск космического аппарата Тайфун-2 (""Космос-2075"")";Плесецк  ;СК 132/1 (РН Космос)  ;Космос-3М  ;Успешный 
28.02.90 03:55:00;"Запуск космического аппарата Океан-О1 (""Океан"")";Плесецк  ; ;Циклон-3  ;Успешный 
06.02.90 19:30:00;"Запуск космического аппарата Дуга-К (""Космос-2059"")";Плесецк  ;СК 132/1 (РН Космос)  ;Космос-3  ;Успешный 
30.01.90 14:20:00;"Запуск космического аппарата Целина-Р (""Космос-2058"")";Плесецк  ; ;Циклон-3  ;Успешный 
13.10.00 00:00:00;Запуск трех космических аппаратов системы ГЛОНАСС;Байконур  ;СК РН типа Протон. Пл. №81. ПУ №24  ;Протон-К с РБ  ;Успешный 
12.07.00 00:00:00;Запуск Служебного модуля Звезда;Байконур  ;СК РН типа Протон. Пл. №81. ПУ №23  ;Протон-К  ;Успешный 
28.06.00 00:00:00;Запуск космического аппарата Надежда №6;Плесецк  ;СК 132/1 (РН Космос)  ;Космос-3М  ;Успешный 
24.06.00 00:00:00;Запуск космического аппарата Экспресс-А №3;Байконур  ;СК РН типа Протон. Пл. №200. ПУ №39  ;Протон-К с РБ  ;Успешный 
06.06.00 00:00:00;Запуск космического аппарата Горизонт №33;Байконур  ;СК РН типа Протон. Пл. №81. ПУ №24  ;Протон-К с РБ  ;Успешный 
12.03.00 00:00:00;Запуск космического аппарата Экспресс-А №2;Байконур  ;СК РН типа Протон. Пл. №200. ПУ №39  ;Протон-К с РБ  ;Успешный 
03.02.00 12:26:00;"Запуск космического аппарата Целина-2 (""Космос-2369"")";Байконур  ;СК 11П877 РН Зенит. Пл. №45. ПУ №1  ;Зенит-2  ;Успешный 
28.12.01 00:00:00;Запуск трех КА Гонец-Д и трех аппаратов серии Космос;Плесецк  ;СК 32/1 (РН Циклон)  ;Циклон-3  ;Успешный 
10.12.01 00:00:00;Запуск КА Метеор-3М №1 с космодрома Байконур;Байконур  ;СК 11П877 РН Зенит. Пл. №45. ПУ №1  ;Зенит-2  ;Успешный 
01.12.01 00:00:00;Запуск трех космических аппаратов системы ГЛОНАСС;Байконур  ;СК РН типа Протон. Пл. №81. ПУ №24  ;Протон-К с РБ  ;Успешный 
26.11.01 00:00:00;Запуск грузового космического корабля Прогресс-М1 №256;Байконур  ;СК 17П32-5 РН типа Р-7. Пл. №1. ПУ №5  ;Союз-ФГ  ;Успешный 
21.10.01 00:00:00;Запуск пилотируемого космического корабля Союз-ТМ №207;Байконур  ;СК 17П32-5 РН типа Р-7. Пл. №1. ПУ №5  ;Союз-У  ;Успешный 
15.09.01 00:00:00;Запуск грузового космического корабля Прогресс-М №301 со стыковочным отсеком СО1;Байконур  ;СК 17П32-5 РН типа Р-7. Пл. №1. ПУ №5  ;Союз-У  ;Успешный 
21.08.01 00:00:00;Запуск грузового космического корабля Прогресс-М1 №245 с космодрома Байконур;Байконур  ;СК 17П32-5 РН типа Р-7. Пл. №1. ПУ №5  ;Союз-У  ;Успешный 
31.07.01 00:00:00;Запуск космического аппарата Коронас-Ф;Плесецк  ;СК 32/2 (РН Циклон)  ;Циклон-3  ;Успешный 
16.06.01 00:00:00;Запуск космического аппарата связи Astra-2C с космодрома Байконур;Байконур  ;СК РН типа Протон. Пл. №81. ПУ №23  ;Протон-К с РБ  ;Успешный 
21.05.01 00:00:00;Запуск грузового космического корабля Прогресс-М1 №255;Байконур  ;СК 17П32-5 РН типа Р-7. Пл. №1. ПУ №5  ;Союз-ФГ  ;Успешный 
15.05.01 00:00:00;Коммерческий запуск КА телевизионного вещания Panamsat с космодрома Байконур;Байконур  ;СК РН типа Протон. Пл. №81. ПУ №23  ;Протон-К с РБ  ;Успешный 
28.04.01 00:00:00;Запуск пилотируемого космического корабля Союз-ТМ №206 с космодрома Байконур;Байконур  ;СК 17П32-5 РН типа Р-7. Пл. №1. ПУ №5  ;Союз-У  ;Успешный 
07.04.01 00:00:00;Запуск КА Экран-М №18 с космодрома Байконур;Байконур  ;СК РН типа Протон. Пл. №81. ПУ №24  ;Протон-М  ;Успешный 
26.02.01 00:00:00;Запуск грузового космического корабля Прогресс-М1 №244 с космодрома Байконур;Байконур  ;СК 17П32-5 РН типа Р-7. Пл. №1. ПУ №5  ;Союз-У  ;Успешный 
24.01.01 00:00:00;Запуск грузового космического корабля Прогресс-М1 №254 с космодрома Байконур;Байконур  ;СК 17П32-5 РН типа Р-7. Пл. №1. ПУ №5  ;Союз-У  ;Успешный 
30.12.02 00:00:00;Запуск космического аппарата Nimiq 2;Байконур  ;СК РН типа Протон. Пл. №81. ПУ №24  ;Протон-М  ;Успешный 
25.12.02 00:00:00;Запуск трех космических аппаратов системы ГЛОНАСС;Байконур  ;СК РН типа Протон. Пл. №81. ПУ №23  ;Протон-К с РБ  ;Успешный 
24.12.02 00:00:00;Запуск космического аппарата в интересах МО РФ с космодрома Плесецк;Плесецк  ;СК 43/3 (РН типа Р-7)  ;Молния-М  ;Успешный 
20.12.02 00:00:00;Кластерный запуск космических аппаратов конверсионной РН, созданной на базе МБР РС-20;Байконур  ;СК ракеты РС-20. Пл. №109  ;РС-20  ;Успешный 
28.11.02 00:00:00;Запуск космических аппаратов «Можаец» и AlSat-1;Плесецк  ;СК РН Рокот. Пл. №175  ;Космос-3М  ;Успешный 
26.11.02 00:00:00;Запуск космического аппарата Astra-1K с космодрома Байконур;Байконур  ;СК РН типа Протон. Пл. №81. ПУ №23  ;Протон-К с РБ  ;Аварийный 
30.10.02 00:00:00;Запуск пилотируемого космического корабля Союз-ТМА;Байконур  ;СК 17П32-5 РН типа Р-7. Пл. №1. ПУ №5  ;Союз-ФГ  ;Успешный 
17.10.02 00:00:00;Запуск КА Integral с космодрома Байконур;Байконур  ;СК РН типа Протон. Пл. №200. ПУ №39  ;Протон-К с РБ  ;Успешный 
15.10.02 00:00:00;Запуск КА Фотон-М с космодрома Плесецк;Плесецк  ;СК 43/3 (РН типа Р-7)  ;Союз-У  ;Аварийный 
25.09.02 00:00:00;Запуск грузового космического корабля Прогресс-М1;Байконур  ;СК 17П32-5 РН типа Р-7. Пл. №1. ПУ №5  ;Союз-ФГ  ;Успешный 
22.08.02 00:00:00;Запуск космического аппарата Экостар-8;Байконур  ;СК РН типа Протон. Пл. №81. ПУ №23  ;Протон-К с РБ  ;Успешный 
12.07.02 00:00:00;Запуск спускаемого аппарата Демонстратор-2 с борта АПЛ типа «Кальмар»;Подводный старт  ;АПЛ типа «Кальмар»  ;Волна  ;Успешный 
08.07.02 00:00:00;Запуск КА в интересах МО РФ;Плесецк  ;СК 132/1 (РН Космос)  ;Космос-3М  ;Успешный 
26.06.02 00:00:00;Запуск грузового космического корабля Прогресс-М1 № 246;Байконур  ;СК 17П32-5 РН типа Р-7. Пл. №1. ПУ №5  ;Союз-У  ;Успешный 
20.06.02 00:00:00;Запуск двух космических аппаратов Iridium;Плесецк  ;СК 133/3 РН Рокот  ;Рокот  ;Успешный 
10.06.02 00:00:00;Запуск космического аппарата Экспресс-А №4;Байконур  ;СК РН типа Протон. Пл. №200. ПУ №39  ;Протон-К с РБ  ;Успешный 
28.05.02 00:00:00;Запуск КА в интересах МО РФ;Плесецк  ;СК 132/1 (РН Космос)  ;Космос-3М  ;Успешный 
07.05.02 00:00:00;Запуск космического аппарата Direc TV;Байконур  ;СК РН типа Протон. Пл. №81. ПУ №23  ;Протон-К с РБ  ;Успешный 
25.04.02 00:00:00;Запуск пилотируемого космического корабля Союз-ТМ с космодрома Байконур;Байконур  ;СК 17П32-5 РН типа Р-7. Пл. №1. ПУ №5  ;Союз-У  ;Успешный 
02.04.02 00:00:00;Запуск КА в интересах МО РФ;Плесецк  ;СК 16 (РН типа Р-7)  ;Молния-М  ;Успешный 
30.03.02 00:00:00;Запуск космического аппарата Intelsat-9;Байконур  ;СК РН типа Протон. Пл. №81. ПУ №23  ;Протон-К с РБ  ;Успешный 
21.03.02 00:00:00;Запуск грузового космического корабля Прогресс-М1 № 257;Байконур  ;СК 17П32-5 РН типа Р-7. Пл. №1. ПУ №5  ;Союз-У  ;Успешный 
17.03.02 00:00:00;Коммерческий запуск двух КА GRACE;Плесецк  ;СК 133/3 РН Рокот  ;Рокот  ;Успешный 
25.02.02 00:00:00;Запуск КА в интересах МО РФ;Плесецк  ;СК 43/3 (РН типа Р-7)  ;Союз-У  ;Успешный 
29.12.03 00:00:00;Запуск космического аппарата «Экспресс-АМ22»;Байконур  ;СК РН типа Протон. Пл. №200. ПУ №39  ;Протон-К с РБ  ;Успешный 
28.12.03 00:00:00;Запуск телекоммуникационного спутника «АМОС-2»;Байконур  ;СК 17П32-6 РН типа Р-7. Пл. №31. ПУ №6  ;Союз-ФГ  ;Успешный 
10.12.03 00:00:00;Запуск комбинированного блока КА «Глонасс/Глонасс-М»;Байконур  ;СК РН типа Протон. Пл. №81. ПУ №24  ;Протон-К с РБ  ;Успешный 
24.11.03 00:00:00;Запуск двух космических аппаратов «Ямал-200»;Байконур  ;СК РН типа Протон. Пл. №81. ПУ №23  ;Протон-К с РБ  ;Успешный 
18.10.03 00:00:00;Запуск космического корабля «Союз ТМА-3»;Байконур  ;СК 17П32-5 РН типа Р-7. Пл. №1. ПУ №5  ;Союз-ФГ  ;Успешный 
29.08.03 00:00:00;Запуск космического корабля `Прогресс-М` №248;Байконур  ;СК 17П32-5 РН типа Р-7. Пл. №1. ПУ №5  ;Союз-У  ;Успешный 
08.06.03 00:00:00;Запуск космического аппарата `Прогресс-М1` №259;Байконур  ;СК 17П32-5 РН типа Р-7. Пл. №1. ПУ №5  ;Союз-У  ;Успешный 
07.06.03 00:00:00;Запуск космического аппарата AMC-9 (GE-12);Байконур  ;СК РН типа Протон. Пл. №200. ПУ №39  ;Протон-К с РБ  ;Успешный 
02.06.03 00:00:00;Запуск КА Mars Express;Байконур  ;СК 17П32-6 РН типа Р-7. Пл. №31. ПУ №6  ;Союз-ФГ  ;Успешный 
26.04.03 00:00:00;Запуск пилотируемого космического корабля Союз-ТМА № 212;Байконур  ;СК 17П32-5 РН типа Р-7. Пл. №1. ПУ №5  ;Союз-ФГ  ;Успешный 
24.04.03 00:00:00;Запуск КА в интересах МО РФ;Байконур  ;СК РН типа Протон. Пл. №81. ПУ №24  ;Протон-К с РБ  ;Успешный 
02.04.03 00:00:00;Запуск космического аппарата «Молния-1Т»;Плесецк  ;СК 43/3 (РН типа Р-7)  ;Молния-М  ;Успешный 
02.02.03 00:00:00;Запуск космического корабля «Прогресс-М» (№247);Байконур  ;СК 17П32-5 РН типа Р-7. Пл. №1. ПУ №5  ;Союз-У  ;Успешный 
26.12.04 00:00:00;Запуск комбинированного блока КА «Глонасс/Глонасс-М»;Байконур  ;СК РН типа Протон. Пл. №81. ПУ №23  ;Протон-К с РБ  ;Успешный 
24.12.04 00:00:00;Запуск космического аппарата «Сич-1М» и микроспутника с космодрома Плесецк;Плесецк  ;СК 32/2 (РН Циклон)  ;Циклон-3  ;Частично успешный 
24.12.04 00:00:00;Запуск грузового космического корабля «Прогресс М-51»;Байконур  ;СК 17П32-5 РН типа Р-7. Пл. №1. ПУ №5  ;Союз-У  ;Успешный 
30.10.04 00:00:00;Запуск космического аппарата «Экспресс-АМ1»;Байконур  ;СК РН типа Протон. Пл. №200. ПУ №39  ;Протон-К  ;Успешный 
15.10.04 00:00:00;Запуск космического аппарата АМС-15;Байконур  ;СК РН типа Протон. Пл. №200. ПУ №39  ;Протон-М  ;Успешный 
14.10.04 00:00:00;Запуск космического корабля «Союз ТМА-5»;Байконур  ;СК 17П32-5 РН типа Р-7. Пл. №1. ПУ №5  ;Союз-ФГ  ;Успешный 
11.08.04 00:00:00;Запуск грузового космического корабля «Прогресс-М50»;Байконур  ;СК 17П32-5 РН типа Р-7. Пл. №1. ПУ №5  ;Союз-У  ;Успешный 
05.08.04 00:00:00;Запуск космического аппарата Amazonas;Байконур  ;СК РН типа Протон. Пл. №200. ПУ №39  ;Протон-М  ;Успешный 
29.06.04 00:00:00;Кластерный запуск КА ракетой РС-20 по программе «Днепр»;Байконур  ;СК ракеты РС-20. Пл. №109  ;РС-20  ;Успешный 
29.06.04 00:00:00;Запуск космического аппарата Telstar-18;Морской старт  ;Стартовая платформа «Одиссей»  ;Зенит-3SL  ;Успешный 
17.06.04 00:00:00;Запуск космического аппарата Intelsat-10;Байконур  ;СК РН типа Протон. Пл. №200. ПУ №39  ;Протон-М  ;Успешный 
25.05.04 00:00:00;Запуск грузового космического корабля «Прогресс-М49»;Байконур  ;СК 17П32-5 РН типа Р-7. Пл. №1. ПУ №5  ;Союз-У  ;Успешный 
04.05.04 00:00:00;Запуск космического аппарата DirecTV-7S;Морской старт  ;Стартовая платформа «Одиссей»  ;Зенит-3SL  ;Успешный 
27.04.04 00:00:00;Запуск космического аппарата «Экспресс-АМ11»;Байконур  ;СК РН типа Протон. Пл. №200. ПУ №39  ;Протон-К с РБ  ;Успешный 
19.04.04 00:00:00;Запуск транспортного пилотируемого корабля `Союз-ТМА4`;Байконур  ;СК 17П32-5 РН типа Р-7. Пл. №1. ПУ №5  ;Союз-ФГ  ;Успешный 
16.03.04 00:00:00;Запуск телекоммуникационного спутника W3A;Байконур  ;СК РН типа Протон. Пл. №81. ПУ №24  ;Протон-М  ;Успешный 
29.01.04 00:00:00;Запуск грузового космического корабля «Прогресс-М1-11»;Байконур  ;СК 17П32-5 РН типа Р-7. Пл. №1. ПУ №5  ;Союз-У  ;Успешный 
29.12.05 00:00:00;Запуск космического аппарата AMC-23;Байконур  ;СК РН типа Протон. Пл. №200. ПУ №39  ;Протон-М  ;Успешный 
28.12.05 00:00:00;Запуск космического аппарата GIOVE A (GSTB-V2/A);Байконур  ;СК 17П32-6 РН типа Р-7. Пл. №31. ПУ №6  ;Союз-ФГ с РБ Фрегат  ;Успешный 
25.12.05 00:00:00;Запуск комбинированного блока КА «ГЛОНАСС/ГЛОНАСС-М»;Байконур  ;СК РН типа Протон. Пл. №81. ПУ №24  ;Протон-К с РБ  ;Успешный 
21.12.05 00:00:00;Запуск грузового космического корабля «Прогресс М-55»;Байконур  ;СК 17П32-5 РН типа Р-7. Пл. №1. ПУ №5  ;Союз-У  ;Успешный 
09.11.05 00:00:00;Запуск космического аппарата Venus Express;Байконур  ;СК 17П32-6 РН типа Р-7. Пл. №31. ПУ №6  ;Союз-ФГ с РБ Фрегат  ;Успешный 
27.10.05 00:00:00;Групповой запуск космических аппаратов;Плесецк  ;СК 132/1 (РН Космос)  ;Космос-3М  ;Успешный 
08.10.05 00:00:00;Запуск космического аппарата CryoSat;Плесецк  ;СК 133/3 РН Рокот  ;Рокот  ;Аварийный 
07.10.05 00:00:00;Запуск пневматического тормозного устройтсва «Демонстратор»;Подводный старт  ;АПЛ типа «Кальмар»  ;Волна  ;Частично успешный 
01.10.05 00:00:00;Запуск космического корабля «Союз ТМА-7»;Байконур  ;СК 17П32-5 РН типа Р-7. Пл. №1. ПУ №5  ;Союз-ФГ  ;Успешный 
09.09.05 00:00:00;Запуск космического аппарата Anik F1R;Байконур  ;СК РН типа Протон. Пл. №200. ПУ №39  ;Протон-М  ;Успешный 
08.09.05 00:00:00;Запуск грузового космического корабля «Прогресс М-54»;Байконур  ;СК 17П32-5 РН типа Р-7. Пл. №1. ПУ №5  ;Союз-У  ;Успешный 
26.08.05 00:00:00;Запуск космического аппарата «Монитор-Э»;Плесецк  ;СК 133/3 РН Рокот  ;Рокот  ;Успешный 
24.08.05 00:00:00;Кластерный запуск РН «Днепр»;Байконур  ;СК ракеты РС-20. Пл. №109  ;РС-20  ;Успешный 
13.08.05 00:00:00;Запуск космического аппарата Galaxy 14;Байконур  ;СК 17П32-6 РН типа Р-7. Пл. №31. ПУ №6  ;Союз-ФГ с РБ Фрегат  ;Успешный 
24.06.05 00:00:00;Запуск космического аппарата «Экспресс-АМ3»;Байконур  ;СК РН типа Протон. Пл. №200. ПУ №39  ;Протон-К с РБ  ;Успешный 
17.06.05 00:00:00;Запуск грузового космического корабля «Прогресс М-53»;Байконур  ;СК 17П32-5 РН типа Р-7. Пл. №1. ПУ №5  ;Союз-У  ;Успешный 
31.05.05 00:00:00;Запуск космического аппарата «Фотон-М» №2;Байконур  ;СК 17П32-5 РН типа Р-7. Пл. №1. ПУ №5  ;Союз-У  ;Успешный 
22.05.05 00:00:00;Запуск космического аппарата DirecTV 8;Байконур  ;СК РН типа Протон. Пл. №200. ПУ №39  ;Протон-М  ;Успешный 
15.04.05 00:00:00;Запуск космического корабля «Союз ТМА-6»;Байконур  ;СК 17П32-5 РН типа Р-7. Пл. №1. ПУ №5  ;Союз-ФГ  ;Успешный 
30.03.05 00:00:00;Запуск космического аппарата «Экспресс-АМ2»;Байконур  ;СК РН типа Протон. Пл. №200. ПУ №39  ;Протон-К с РБ  ;Успешный 
28.02.05 00:00:00;Запуск грузового космического корабля «Прогресс М-52»;Байконур  ;СК 17П32-5 РН типа Р-7. Пл. №1. ПУ №5  ;Союз-У  ;Успешный 
03.02.05 00:00:00;Запуск космического аппарата АМС-12;Байконур  ;СК РН типа Протон. Пл. №81. ПУ №24  ;Протон-М  ;Успешный 
27.12.06 00:00:00;Запуск космического аппарата COROT;Байконур  ;СК 17П32-6 РН типа Р-7. Пл. №31. ПУ №6  ;Союз-2 с РБ Фрегат  ;Успешный 
25.12.06 00:00:00;Запуск космических аппаратов «Глонасс-М»;Байконур  ;СК РН типа Протон. Пл. №81. ПУ №24  ;Протон-К с РБ  ;Успешный 
19.12.06 00:00:00;Запуск космического аппарата SAR-Lupe;Плесецк  ;СК 132/1 (РН Космос)  ;Космос-3М  ;Успешный 
12.12.06 00:00:00;Запуск космического аппарата Measat-3;Байконур  ;СК РН типа Протон. Пл. №200. ПУ №39  ;Протон-М  ;Успешный 
08.11.06 00:00:00;Запуск космического аппарата Arabsat 4B;Байконур  ;СК РН типа Протон. Пл. №200. ПУ №39  ;Протон-М  ;Успешный 
23.10.06 00:00:00;Запуск грузового космического корабля «Прогресс М-58»;Байконур  ;СК 17П32-5 РН типа Р-7. Пл. №1. ПУ №5  ;Союз-У  ;Успешный 
19.10.06 00:00:00;Запуск космического аппарата Metop;Байконур  ;СК 17П32-6 РН типа Р-7. Пл. №31. ПУ №6  ;Союз-2 с РБ Фрегат  ;Успешный 
18.09.06 00:00:00;Запуск пилотируемого космического корабля «Союз ТМА-9»;Байконур  ;СК 17П32-5 РН типа Р-7. Пл. №1. ПУ №5  ;Союз-ФГ  ;Успешный 
05.08.06 00:00:00;Запуск космического аппарата Hot Bird 8;Байконур  ;СК РН типа Протон. Пл. №200. ПУ №39  ;Протон-М  ;Успешный 
28.07.06 00:00:00;Запуск космического аппарата Kompsat-2;Плесецк  ;СК 133/3 РН Рокот  ;Рокот  ;Успешный 
26.07.06 00:00:00;Групповой запуск КА ракетой РС-20;Байконур  ;СК ракеты РС-20. Пл. №109  ;РС-20  ;Аварийный 
24.06.06 00:00:00;Запуск грузового космического корабля «Прогресс М-57»;Байконур  ;СК 17П32-5 РН типа Р-7. Пл. №1. ПУ №5  ;Союз-У  ;Успешный 
18.06.06 00:00:00;Запуск космического аппарата «Казсат»;Байконур  ;СК РН типа Протон. Пл. №200. ПУ №39  ;Протон-К с РБ  ;Успешный 
15.06.06 00:00:00;Запуск космического аппарата «Ресурс-ДК»;Байконур  ;СК 17П32-5 РН типа Р-7. Пл. №1. ПУ №5  ;Союз-У  ;Успешный 
24.04.06 00:00:00;Запуск грузового космического корабля «Прогресс М-56»;Байконур  ;СК 17П32-5 РН типа Р-7. Пл. №1. ПУ №5  ;Союз-У  ;Успешный 
30.03.06 00:00:00;Запуск пилотируемого космического корабля «Союз ТМА-8»;Байконур  ;СК 17П32-5 РН типа Р-7. Пл. №1. ПУ №5  ;Союз-ФГ  ;Успешный 
28.02.06 00:00:00;Запуск космического аппарата Arabsat 4A;Байконур  ;СК РН типа Протон. Пл. №200. ПУ №39  ;Протон-М  ;Частично успешный 
25.12.07 00:00:00;Запуск блока КА «Глонасс-М» № 21, 22, 23  (блок № 37);Байконур  ;СК РН типа Протон. Пл. №81. ПУ №24  ;Протон-М  ;Успешный 
23.12.07 00:00:00;Запуск КА  «Прогресс М-62»;Байконур  ;СК 17П32-5 РН типа Р-7. Пл. №1. ПУ №5  ;Союз-У  ;Успешный 
14.12.07 00:00:00;Запуск КА «Радарсат-2»;Байконур  ;СК 17П32-6 РН типа Р-7. Пл. №31. ПУ №6  ;Союз-ФГ  ;Успешный 
18.11.07 00:00:00;Запуск космичсекого аппарата Sirius 4;Байконур  ;СК РН типа Протон. Пл. №200. ПУ №39  ;Протон-М  ;Успешный 
26.10.07 00:00:00;Запуск блока КА «Глонасс-М» № 18, 19, 20 (блок № 36);Байконур  ;СК РН типа Протон. Пл. №81. ПУ №24  ;Протон-К с РБ  ;Успешный 
21.10.07 00:00:00;Запуск космических аппаратов Globalstar;Байконур  ;СК 17П32-6 РН типа Р-7. Пл. №31. ПУ №6  ;Союз-У с РБ Фрегат  ;Успешный 
10.10.07 00:00:00;Запуск пилотируемого космического корабля «Союз ТМА-11»;Байконур  ;СК 17П32-5 РН типа Р-7. Пл. №1. ПУ №5  ;Союз-ФГ  ;Успешный 
11.09.07 00:00:00;Запуск КА «Фотон-М» с космодрома Байконур;Байконур  ;СК 17П32-5 РН типа Р-7. Пл. №1. ПУ №5  ;Союз-У  ;Успешный 
06.09.07 00:00:00;Запуск КА JCSat-11 с космодрома Байконур;Байконур  ;СК РН типа Протон. Пл. №200. ПУ №39  ;Протон-М  ;Аварийный 
02.08.07 00:00:00;Запуск грузового космического корабля «Прогресс М-61»;Байконур  ;СК 17П32-5 РН типа Р-7. Пл. №1. ПУ №5  ;Союз-У  ;Успешный 
07.07.07 00:00:00;Запуск космического аппарата DirecTV 10;Байконур  ;СК РН типа Протон. Пл. №200. ПУ №39  ;Протон-М  ;Успешный 
15.06.07 00:00:00;Запуск космического аппарата TerraSAR-X;Байконур  ;СК ракеты РС-20. Пл. №109  ;РС-20  ;Успешный 
30.05.07 00:00:00;Запуск космических аппаратов Globalstar;Байконур  ;СК 17П32-6 РН типа Р-7. Пл. №31. ПУ №6  ;Союз-ФГ  ;Успешный 
12.05.07 00:00:00;Запуск грузового космического корабля «Прогресс М-60»;Байконур  ;СК 17П32-5 РН типа Р-7. Пл. №1. ПУ №5  ;Союз-У  ;Успешный 
17.04.07 00:00:00;Групповой запуск КА ракетой РС-20;Байконур  ;СК ракеты РС-20. Пл. №109  ;РС-20  ;Успешный 
10.04.07 00:00:00;Запуск космического аппарата Anik F3;Байконур  ;СК РН типа Протон. Пл. №200. ПУ №39  ;Протон-М  ;Успешный 
07.04.07 00:00:00;Запуск пилотируемого космического корабля «Союз ТМА-10»;Байконур  ;СК 17П32-5 РН типа Р-7. Пл. №1. ПУ №5  ;Союз-ФГ  ;Успешный 
18.01.07 00:00:00;Запуск грузового космического корабля «Прогресс М-59»;Байконур  ;СК 17П32-5 РН типа Р-7. Пл. №1. ПУ №5  ;Союз-У  ;Успешный 
25.12.08 00:00:00;Запуск блока КА «Глонасс-М»;Байконур  ;СК РН типа Протон. Пл. №81. ПУ №24  ;Протон-М  ;Успешный 
10.12.08 00:00:00;Запуск КА «Сиель-2»;Байконур  ;СК РН типа Протон. Пл. №200. ПУ №39  ;Протон-М  ;Успешный 
26.11.08 00:00:00;Запуск грузового космического корабля «Прогресс М-01М»;Байконур  ;СК 17П32-5 РН типа Р-7. Пл. №1. ПУ №5  ;Союз-У  ;Успешный 
05.11.08 00:00:00;Запуск КА «Астра-1М»;Байконур  ;СК РН типа Протон. Пл. №200. ПУ №39  ;Протон-М  ;Успешный 
12.10.08 00:00:00;Запуск пилотируемого космического корабля «Союз ТМА-13»;Байконур  ;СК 17П32-5 РН типа Р-7. Пл. №1. ПУ №5  ;Союз-ФГ  ;Успешный 
25.09.08 00:00:00;Запуск блока КА «Глонасс-М»;Байконур  ;СК РН типа Протон. Пл. №81. ПУ №23  ;Протон-М  ;Успешный 
20.09.08 00:00:00;Запуск КА «Нимик-4»;Байконур  ;СК РН типа Протон. Пл. №200. ПУ №39  ;Протон-М  ;Успешный 
10.09.08 00:00:00;Запуск грузового космического корабля «Прогресс М-65»;Байконур  ;СК 17П32-5 РН типа Р-7. Пл. №1. ПУ №5  ;Союз-У  ;Успешный 
29.08.08 00:00:00;Групповой запуск КА «РепидАй»;Байконур  ;СК ракеты РС-20. Пл. №109  ;РС-20  ;Успешный 
19.08.08 00:00:00;Запуск КА «Инмарсат-4Ф3»;Байконур  ;СК РН типа Протон. Пл. №200. ПУ №39  ;Протон-М  ;Успешный 
15.05.08 00:00:00;Запуск грузового космического корабля «Прогресс М-64»;Байконур  ;СК 17П32-5 РН типа Р-7. Пл. №1. ПУ №5  ;Союз-У  ;Успешный 
28.04.08 00:00:00;Запуск «Амос-3» с космодрома Байконур;Байконур  ;СК 11П877 РН Зенит. Пл. №45. ПУ №1  ;Зенит-3SLБ  ;Успешный 
27.04.08 00:00:00;Запуск КА «ЖСТБ-В2/Б»;Байконур  ;СК 17П32-6 РН типа Р-7. Пл. №31. ПУ №6  ;Союз-ФГ  ;Успешный 
08.04.08 00:00:00;Запуск пилотируемого космического корабля «Союз ТМА-12»;Байконур  ;СК 17П32-5 РН типа Р-7. Пл. №1. ПУ №5  ;Союз-ФГ  ;Успешный 
15.03.08 00:00:00;Запуск КА «АМС-14»;Байконур  ;СК РН типа Протон. Пл. №200. ПУ №39  ;Протон-М  ;Частично успешный 
11.02.08 00:00:00;Запуск КА «Тор-5» («Тор-2R»);Байконур  ;СК РН типа Протон. Пл. №200. ПУ №39  ;Протон-М  ;Успешный 
05.02.08 00:00:00;Запуск «Прогресс М-63»;Байконур  ;СК 17П32-5 РН типа Р-7. Пл. №1. ПУ №5  ;Союз-У  ;Успешный 
28.01.08 00:00:00;Запуск КА «Экспресс-АМ33»;Байконур  ;СК РН типа Протон. Пл. №200. ПУ №39  ;Протон-М  ;Успешный 
29.12.09 03:22:00;Запуск КА «Дирек ТВ-12»;Байконур  ;СК РН типа Протон. Пл. №200. ПУ №39  ;Протон-М  ;Успешный 
21.12.09 00:52:00;Запуск транспортного пилотируемого корабля «Союз ТМА-17»;Байконур  ;СК 17П32-5 РН типа Р-7. Пл. №1. ПУ №5  ;Союз-ФГ  ;Успешный 
01.12.09 00:00:00;Запуск КА «Интелсат-15»;Байконур  ;СК 11П877 РН Зенит. Пл. №45. ПУ №1  ;Зенит-3SLБ  ;Успешный 
23.11.09 00:00:00;Запуск КА «Дабл Ю 7»;Байконур  ;СК РН типа Протон. Пл. №200. ПУ №39  ;Протон-М  ;Успешный 
10.11.09 00:00:00;Запуск транспортного корабля-модуля «Прогресс М-МИМ2»;Байконур  ;СК 17П32-5 РН типа Р-7. Пл. №1. ПУ №5  ;Союз-У  ;Успешный 
02.11.09 00:00:00;Запуск космических аппаратов «СМОС» и «Проба-2»;Плесецк  ;СК 133/3 РН Рокот  ;Рокот  ;Успешный 
15.10.09 00:00:00;Запуск ТГК «Прогресс М-03М»;Байконур  ;СК 17П32-5 РН типа Р-7. Пл. №1. ПУ №5  ;Союз-У  ;Успешный 
30.09.09 00:00:00;Запуск пилотируемого космического корабля «Союз ТМА-16»;Байконур  ;СК 17П32-5 РН типа Р-7. Пл. №1. ПУ №5  ;Союз-ФГ  ;Успешный 
17.09.09 00:00:00;Запуск КА «Нимик-5»;Байконур  ;СК РН типа Протон. Пл. №200. ПУ №39  ;Протон-М  ;Успешный 
17.09.09 00:00:00;Запуск КА «Метеор-М»;Байконур  ;СК 17П32-6 РН типа Р-7. Пл. №31. ПУ №6  ;Союз-2 с РБ Фрегат  ;Успешный 
11.08.09 00:00:00;Запуск КА «АзиаСат-5»;Байконур  ;СК РН типа Протон. Пл. №200. ПУ №39  ;Протон-М  ;Успешный 
29.07.09 00:00:00;Утилизация МБР РС-20 методом пуска с попутным выведением КА «ДубайСат-1», «Деймос-1», «ЮК ДМС-2», «НаноСат-1В», «АпрайзСат-3», «АпрайзСат-4»;Байконур  ;СК ракеты РС-20. Пл. №109  ;РС-20  ;Успешный 
24.07.09 00:00:00;Запуск ТГК «Прогресс М-67»;Байконур  ;СК 17П32-5 РН типа Р-7. Пл. №1. ПУ №5  ;Союз-У  ;Успешный 
30.06.09 00:00:00;Запуск КА «Сириус-Радио ФМ5»;Байконур  ;СК РН типа Протон. Пл. №200. ПУ №39  ;Протон-М  ;Успешный 
22.06.09 00:00:00;Запуск КА Measat-1R;Байконур  ;СК 11П877 РН Зенит. Пл. №45. ПУ №1  ;Зенит-3SLБ  ;Успешный 
27.05.09 00:00:00;Запуск пилотируемого космического корабля «Союз ТМА-15»;Байконур  ;СК 17П32-5 РН типа Р-7. Пл. №1. ПУ №5  ;Союз-ФГ  ;Успешный 
16.05.09 00:00:00;Запуск КА «Протостар-2»;Байконур  ;СК РН типа Протон. Пл. №200. ПУ №39  ;Протон-М  ;Успешный 
07.05.09 00:00:00;Запуск грузового космического корабля «Прогресс М-02М»;Байконур  ;СК 17П32-5 РН типа Р-7. Пл. №1. ПУ №5  ;Союз-У  ;Успешный 
03.04.09 00:00:00;Запуск КА «Дабл Ю 2 Эй»;Байконур  ;СК РН типа Протон. Пл. №200. ПУ №39  ;Протон-М  ;Успешный 
26.03.09 00:00:00;Запуск пилотируемого космического корабля «Союз ТМА-14»;Байконур  ;СК 17П32-5 РН типа Р-7. Пл. №1. ПУ №5  ;Союз-ФГ  ;Успешный 
17.03.09 00:00:00;Запуск КА «Гоче»;Плесецк  ;СК 133/3 РН Рокот  ;Рокот  ;Успешный 
26.02.09 00:00:00;Запуск КА «Телстар-11Н»;Байконур  ;СК 11П877 РН Зенит. Пл. №45. ПУ №1  ;Зенит-3SLБ  ;Успешный 
11.02.09 00:00:00;Совместный запуск «Экспресс-АМ44» и «Экспресс-МД1»;Байконур  ;СК РН типа Протон. Пл. №200. ПУ №39  ;Протон-М  ;Успешный 
10.02.09 00:00:00;Запуск грузового космического корабля «Прогресс М-66»;Байконур  ;СК 17П32-6 РН типа Р-7. Пл. №31. ПУ №6  ;Союз-У  ;Успешный 
30.01.09 00:00:00;Запуск КА «Коронас-Фотон»;Плесецк  ;СК 32/2 (РН Циклон)  ;Циклон-3  ;Успешный 
02.09.10 04:53:43;"Запуск блока КА ""Глонасс-М""";Байконур  ;СК РН типа Протон. Пл. №81. ПУ №24  ;Протон-М  ;Предстоящий 
10.07.10 22:40:36;"Запуск КА ""Экостар-15""";Байконур  ;СК РН типа Протон. Пл. №200. ПУ №39  ;Протон-М  ;Успешный 
30.06.10 19:35:15;"Запуск транспортного грузового корабля ""Прогресс М-06М""";Байконур  ;СК 17П32-5 РН типа Р-7. Пл. №1. ПУ №5  ;Союз-У  ;Успешный 
21.06.10 06:14:01;"Запуск КА ""TanDEM-X""";Байконур  ;СК ракеты РС-20. Пл. №109  ;РС-20  ;Успешный 
16.06.10 01:35:00;"Запуск ТПК ""Союз ТМА-19""";Байконур  ;СК 17П32-5 РН типа Р-7. Пл. №1. ПУ №5  ;Союз-ФГ  ;Успешный 
04.06.10 02:00:08;"Запуск КА ""Арабсат-5Б""";Байконур  ;СК РН типа Протон. Пл. №200. ПУ №39  ;Протон-М  ;Успешный 
28.04.10 21:15:00;"Запуск транспортного грузового корабля ""Прогресс М-05М""";Байконур  ;СК 17П32-5 РН типа Р-7. Пл. №1. ПУ №5  ;Союз-У  ;Успешный 
24.04.10 15:19:00;"Запуск КА ""АМС-4Р""";Байконур  ;СК РН типа Протон. Пл. №200. ПУ №39  ;Протон-М  ;Успешный 
08.04.10 17:57:00;Запуск КА «КриоСат-2»;Байконур  ;СК ракеты РС-20. Пл. №109  ;РС-20  ;Успешный 
02.04.10 08:04:00;Запуск транспортного пилотируемого корабля  «Союз ТМА-18»;Байконур  ;СК 17П32-5 РН типа Р-7. Пл. №1. ПУ №5  ;Союз-ФГ  ;Успешный 
20.03.10 21:26:57;Запуск КА «Экостар-14»;Байконур  ;СК РН типа Протон. Пл. №200. ПУ №39  ;Протон-М  ;Успешный 
02.03.10 00:19:44;Запуск блока КА «Глонасс-М»;Байконур  ;СК РН типа Протон. Пл. №81. ПУ №24  ;Протон-М  ;Успешный 
12.02.10 03:39:40;Запуск КА «Интелсат-16»;Байконур  ;СК РН типа Протон. Пл. №200. ПУ №39  ;Протон-М  ;Успешный 
03.02.10 06:45:31;Запуск транспортного грузового корабля «Прогресс М-04М»;Байконур  ;СК 17П32-5 РН типа Р-7. Пл. №1. ПУ №5  ;Союз-У  ;Успешный 
