Субъект РФ;Наименование организации;Рег. № в Реестре;Дата приказа ФСТ России;Номер приказа ФСТ России
Республика Адыгея;"ОАО ""Кубанская энергосбытовая компания""";01/02  (ранее - 23/01);22.01.2007  (17.03.2009)  (30.06.2009);9-э (50-э) (247-э)
Республика Алтай;"ОАО ""Алтайэнергосбыт"" (Горно-Алтайское отделение филиала ""Энергосбыт"")";02/05  (ранее - 22/01);04.07.2007  (30.06.2009);148-э (247-э)
Республика Алтай;"МУП ""Энергия""";02/01;20.08.2007;203-э
Республика Алтай;"ОАО ""Джазаторская ГЭС""";02/02;19.12.2007;339-э
Республика Алтай;"МУП ""Тон-Тыт""";02/03;21.03.2008;72-э
Республика Алтай;Сельская администрация Челушманского сельского поселения Улаганского района;02/04;21.03.2008;72-э
Республика Башкортостан;"ОАО ""Башкирэнерго""";03/01;09.02.2007;16-э
Республика Бурятия;"ОАО ""Бурятэнергосбыт""";04/01;22.01.2007;9-э
Республика Бурятия;"ООО ""Энергосервис"" (ранее - МУП ""Жилкомсервис"" - 04/02)";04/03;07.05.2008;159-э
Республика Дагестан;"ОАО ""Дагестанская энергосбытовая компания""";05/01;09.02.2007;16-э
Республика Ингушетия;"ОАО ""Ингушэнерго""";06/01;03.04.2007;47-э
Кабардино-Балкарская Республика;"ОАО ""Каббалкэнерго""";07/01;12.02.2007;17-э
Республика Калмыкия;"ОАО ""Калмэнергосбыт""";08/01;22.01.2007;9-э
Республика Калмыкия;"ОАО ""ГорЭлектроСбыт"" (ранее - МУП ""ГорЭлектроСбыт"" - 08/02)";08/03;09.02.2007;16-э
Карачаево-Черкесская Республика;"ОАО ""Карачаево-Черкесскэнерго""";09/01;12.02.2007;17-э
Карачаево-Черкесская Республика;"ОАО ""Черкесские городские электрические сети""";09/02;12.02.2007;17-э
Республика Карелия;"ОАО ""Карельская энергосбытовая компания""";10/01;09.02.2007;16-э
Республика Карелия;"ООО ""Энергокомфорт"". Единая Карельская сбытовая компания""";10/02;03.04.2007;47-э
Республика Карелия;"ООО ""Русэнергосбыт""";10/09  (ранее - 77/03);12.02.2007;17-э (84-э) (247-э)
Республика Карелия;"ОАО ""Прионежская сетевая компания"" (ранее - Кондопожское муниципальное МП ЖКХ -10/05) (+10/03,10/06) ";10/08;25.08.2008  (24.12.2009);319-э (472-э)
Республика Карелия;"ООО ""Боровские коммунальные системы"" (ранее - ООО ""Ухтуаэлектро"" - 10/07 (ранее - МУП ""Ухтинские электрические сети"" - 10/04))";10/10;24.12.2009;472-э
Республика Коми;"ОАО ""Коми энергосбытовая компания""";11/01;17.01.2007;7-э
Республика Марий Эл;"ОАО ""Мариэнергосбыт""";12/01;03.04.2007;47-э
Республика Марий Эл;"ООО ""Русэнергосбыт""";12/02 (ранее - 77/03);12.02.2007;17-э (84-э)  (247-э)
Республика Мордовия;"ОАО ""Мордовская энергосбытовая компания"" ";13/01;29.12.2006;252-э
Республика Мордовия;"ООО ""Электросбытовая компания ""ВАТТ - Электросбыт"" ";13/02;29.12.2006;252-э
Республика Мордовия;"ООО ""Русэнергосбыт""";13/03  (ранее - 77/03);12.02.2007;17-э (84-э)  (247-э)
Республика Саха (Якутия);"ОАО АК ""Якутскэнерго""";14/01;31.01.2008;19-э
Республика Саха (Якутия);"ОАО ""Сахаэнерго"" ";14/02;31.01.2008;19-э
Республика Саха (Якутия);"ОАО ""Магаданэнерго""";14/09  (ранее - 49/01);12.02.2007;17-э  (247-э)
Республика Саха (Якутия);"ОАО ""Якутгазпром""";14/03;31.01.2008;19-э
Республика Саха (Якутия);"Акционерная компания ""АЛРОСА"" (закрытое акционерное общество)";14/04;31.01.2008;19-э
Республика Саха (Якутия);"ОАО ""Ленское объединенное речное пароходство""";14/05;31.01.2008;19-э
Республика Саха (Якутия);"ФГУ ""Ленское государственное бассейновое управление водных путей и судоходства""";14/06;31.01.2008;19-э
Республика Саха (Якутия);"МУП ""ЖКХ п. Витим""";14/07;31.01.2008;19-э
Республика Саха (Якутия);"МУП ""ЖКХ п. Ярославский""";14/08;31.01.2008;19-э
Республика Северная Осетия-Алания;"ОАО ""Севкавказэнерго""";15/01;22.01.2007;9-э
Республика Татарстан (Татарстан);"ОАО ""Татэнергосбыт"" (ранее - ОАО ""Татэнерго"" - 16/01)";16/02;16.04.2009;86-э
Республика Тыва;"ОАО ""Тываэнергосбыт""";17/01;26.07.2007;189-э
Республика Тыва;"ГУП ""Тываэнергоремонт""";17/02;26.07.2007;189-э
Республика Тыва;МУП Тоджинская ДЭС;17/03;26.07.2007;189-э
Республика Тыва;"МУП ДЭС ""Качык""";17/04;26.07.2007;189-э
Республика Тыва;МУП ЖКХ Тере-Хольского кожууна;17/05;26.07.2007;189-э
Удмуртская Республика;"ОАО ""Удмуртская энергосбытовая компания""";18/01;22.01.2007 (17.07.2009);9-э  (270-э) 
Республика Хакасия;"ОАО ""Хакасэнергосбыт""";19/01;09.02.2007;16-э
Республика Хакасия;"ООО ""Абаканэнергосбыт"" ";19/02;09.02.2007;16-э
Республика Хакасия;"ООО ""Русэнергосбыт""";19/03  (ранее - 77/03);12.02.2007;17-э (84-э)  (247-э)
Чеченская Республика;"ОАО ""Нурэнерго""";20/01;09.02.2007;16-э
Чувашская Республика;"ОАО ""Чувашская энергосбытовая компания""";21/01;09.02.2007;16-э
Алтайский край;"ОАО ""Алтайэнергосбыт""";22/01;04.07.2007;148-э
Алтайский край;"ОАО ""Барнаульская горэлектросеть""";22/02;04.07.2007;148-э
Алтайский край;"Краевое государственное унитарное предприятие коммунальных электрических сетей  ""Алтайкрайэнерго"" ";22/03;04.07.2007;148-э
Алтайский край;"ООО ""Заринская городская электрическая сеть""  (ранее - МУП ""Заринская горэлектросеть"" - 22/04)";22/05;27.10.2008;375-э
Краснодарский край;"ОАО ""Кубанская энергосбытовая компания""";23/01;22.01.2007  (17.03.2009);9-э  (50-э)
Краснодарский край;"ОАО ""Независимая энергосбытовая компания Краснодарского края""";23/02;22.01.2007;9-э
Красноярский край;"ОАО ""Красноярскэнергосбыт""  ";24/01;24.09.2007;220-э
Красноярский край;ГУП учреждения УП-288/2 ГУИН Минюста России по Красноярскому краю ;24/02;24.09.2007;220-э
Красноярский край;"ООО ""Ярцевская лесопромышленная компания""";24/03;24.09.2007;220-э
Красноярский край;"ОАО ""Северное""";24/04;24.09.2007;220-э
Красноярский край;Кодинское МУП ЖКХ Кежемского района ;24/05;24.09.2007;220-э
Красноярский край;"СПК ""Родина""";24/06;24.09.2007;220-э
Красноярский край;"ФГУП ""Авиапредприятие ""Черемшанка"" ";24/07;24.09.2007;220-э
Красноярский край;"Туруханское МУП ""Туруханскэнерго""";24/08;24.09.2007;220-э
Красноярский край;"ООО ""Русэнергосбыт"" ";24/09  (ранее - 77/03);12.02.2007;17-э (84-э)  (247-э)
Приморский край;"ОАО ""Дальневосточная энергетическая компания""";25/08 (ранее - 27/36);04.07.2007 (29.01.2009)  (30.06.2009)  (24.12.2009);149-э  (14-э)  (247-э) (470-э)
Приморский край;"ОАО ""Дальнегорская электросеть"" ";25/02;04.07.2007;148-э
Приморский край;"ОАО ""Электросеть"" ";25/03;04.07.2007;148-э
Приморский край;"ООО ""Энергосбыт""";25/04;04.07.2007;148-э
Приморский край;"ОАО ""Электросервис"" (г. Дальнереченск)";25/06;31.01.2008;19-э
Приморский край;"ОАО ""Электросервис"" г. Лесозаводск";25/07;31.01.2008;19-э
Приморский край;"Муниципальное унитарное предприятие города Владивостока ""Владивостокское предприятие электрических сетей""";25/09;24.12.2009;470-э
Приморский край;"ООО ""Коммунальная ремонтно-эксплуатационная компания""";25/10;24.12.2009;470-э
Приморский край;"ООО ""Красноармейские электрические сети""";25/11;24.12.2009;470-э
Приморский край;"ООО Управляющая компания ""ДальТехникЦентр""";25/12;24.12.2009;470-э
Приморский край;"МУП ""ДЭС-Глазковка""";25/13;24.12.2009;470-э
Приморский край;"ООО ""Жилищно-коммунальное хозяйство""";25/14;24.12.2009;470-э
Приморский край;"ООО ""ТТП НЛХ Бикин""";25/15;24.12.2009;470-э
Приморский край;"ООО ""Траст""";25/16;24.12.2009;470-э
Приморский край;"КГУП ""Примтеплоэнерго""";25/17;24.12.2009;470-э
Приморский край;"ООО ""Локальная энергетическая компания - Восток""";25/18;24.12.2009;470-э
Приморский край;"МКП ""Энергетик""";25/19;24.12.2009;470-э
Приморский край;"ОАО ""13 Электрическая сеть"" (ранее - ФГУП ""13 электрическая сеть Военно-Морского Флота"" Министерства обороны Российской Федерации - 25/05)";25/20;30.12.2009;486-э
Ставропольский край;"ОАО ""Ставропольэнергосбыт"" (+ 26/09) (+26/11)";26/01;09.02.2007  (02.12.2009);16-э  (430-э)
Ставропольский край;"ГУП СК ""Ставрополькоммунэлектро"" ";26/02;03.04.2007 (21.05.2007);47-э (105-э)
Ставропольский край;"МУП г. Буденновска ""Горэлектросеть"" ";26/03;03.04.2007;47-э
Ставропольский край;МУП городских электрических сетей г. Невинномысска;26/04;03.04.2007;47-э
Ставропольский край;"ОАО ""Пятигорские электрические сети""";26/05;03.04.2007;47-э
Ставропольский край;"ОАО ""Горэлектросеть"" (г. Кисловодск)";26/06;03.04.2007;47-э
Ставропольский край;"ОАО ""Ессентукские городские электрические сети""";26/07;03.04.2007;47-э
Ставропольский край;"ЗАО ""Южная Энергетическая Компания"" (филиал в г. Лермонтове) ";26/10;03.04.2007;47-э
Хабаровский край;"ОАО ""Дальневосточная энергетическая компания""";27/36;04.07.2007;149-э
Хабаровский край;"МУП ""Аянское"" ";27/02;21.05.2007;104-э
Хабаровский край;"ММУП ""Нельканское""";27/03;21.05.2007;104-э
Хабаровский край;"МУП ЖКХ ""Районные электрические сети""";27/04;21.05.2007;104-э
Хабаровский край;"ООО ""Артель старателей ""Ниман""";27/05;21.05.2007;104-э
Хабаровский край;"ООО ""Тепловик""";27/06;21.05.2007;104-э
Хабаровский край;"ООО ""Жилищно-коммунальный участок № 1""";27/07;21.05.2007;104-э
Хабаровский край;"ООО ""Шелеховский теплоэнергетический комплекс""";27/08;21.05.2007;104-э
Хабаровский край;"ООО ""Энергия""";27/09;21.05.2007;104-э
Хабаровский край;"ООО ""Долминский энергетик""";27/10;21.05.2007;104-э
Хабаровский край;МУПТЭК Нанайского муниципального района;27/11;21.05.2007;104-э
Хабаровский край;"МУП ""Управляющая компания по жилищно-коммунальным услугам городского поселения ""Город Николаевск-на-Амуре"" и Николаевского муниципального района""";27/12;21.05.2007;104-э
Хабаровский край;МУП ЖКХ с. имени П. Осипенко;27/13;21.05.2007;104-э
Хабаровский край;"МУП ""Херпучинский теплоэнергетический комплекс""";27/14;21.05.2007;104-э
Хабаровский край;"МУП ""Районная коммунальная энергетика""";27/15;21.05.2007;104-э
Хабаровский край;Рыболовецкий колхоз имени Ленина;27/16;21.05.2007;104-э
Хабаровский край;Рыболовецкий колхоз им. Вострецова ;27/17;21.05.2007;104-э
Хабаровский край;"ОАО ""Ново-Устьенский рыбозавод"" ";27/18;21.05.2007;104-э
Хабаровский край;"МХООО ""Охотскэнерго""";27/19;21.05.2007;104-э
Хабаровский край;"МУП Ульчского муниципального района ""Тырский теплоэнергетический комплекс"" ";27/20;21.05.2007;104-э
Хабаровский край;"МУП Ульчского муниципального района ""Тахтинский теплоэнергетический комплекс"" ";27/21;21.05.2007;104-э
Хабаровский край;"МУП Ульчского муниципального района ""Богородский теплоэнергетический комплекс"" ";27/22;21.05.2007;104-э
Хабаровский край;"МУП Ульчского муниципального района ""Солонцовский теплоэнергетический комплекс"" ";27/23;21.05.2007;104-э
Хабаровский край;"МУП Ульчского муниципального района ""Булавинский теплоэнергетический комплекс"" ";27/24;21.05.2007;104-э
Хабаровский край;"МУП Ульчского муниципального района ""Мариинский теплоэнергетический комплекс"" ";27/25;21.05.2007;104-э
Хабаровский край;"МУП Ульчского муниципального района ""Де-Кастринский теплоэнергетический комплекс"" ";27/26;21.05.2007;104-э
Хабаровский край;"ООО ""Де-Кастринская тепловая электроцентраль"" ";27/27;21.05.2007;104-э
Хабаровский край;"МУП Ульчского муниципального района ""Циммермановский теплоэнергетический комплекс"" ";27/28;21.05.2007;104-э
Хабаровский край;"ГУЗ ""Спецбольница восстановительного лечения ""Анненские Воды""";27/29;21.05.2007;104-э
Хабаровский край;"МУРМПП ""Чумиканское"" ";27/30;21.05.2007;104-э
Хабаровский край;"ООО ""Сонико-Чумикан""";27/31;21.05.2007;104-э
Хабаровский край;МУП ЖКХ № 3 Хабаровского муниципального района;27/32;21.05.2007;104-э
Хабаровский край;"ЗАО ""Малышевская ремонтно-эксплуатационная база флота""";27/33;21.05.2007;104-э
Хабаровский край;"ОАО ""Российские железные дороги"" (Комсомольская дистанция электроснабжения - структурное подразделение Комсомольского отделения Дальневосточной железной дороги - филиала ОАО ""РЖД"") ";27/34;21.05.2007;104-э
Хабаровский край;"ООО ""РН-Сахалинморнефтегаз""";27/35;21.05.2007;104-э
Амурская область;"ОАО ""Дальневосточная энергетическая компания"" (+ 28/14, 28/12) (+28/03)";28/15 (ранее - 27/36);04.07.2007(br)(30.06.2009);149-э (247-э) (271-э)
Амурская область;"МУП ""Районные электрические сети""";28/05;17.01.2007;7-э
Амурская область;"ООО ""Энергетические сети"" (ранее -МУП ""Сковородинские районные электросети"" -28/09)";28/10;03.04.2007;48-э
Амурская область;"ООО ""Энергокомфорт"". Единая Амурская сбытовая компания"" (ранее - ОАО ""Амурские коммунальные системы"" - 28/02)";28/11;09.11.2007;280-э
Амурская область;"ООО ""СВЕТ"" (ранее - Администрация Норского сельсовета Селемджинского района)";28/13;16.04.2008;125-э
Амурская область;"ООО ""Сервис Транспорт"" (ранее - МУП ЖКХ Зейского района ""Надежда"" - 28/07)";28/16;24.12.2009;471-э
Амурская область;" ООО ""Темп"" (ранее - МУП ""ЖКХ с. Дактуй"" Магдагачинского района - 28/08)";28/17;24.12.2009;471-э
Архангельская область;"ОАО ""Архангельская сбытовая компания"" ";29/01;22.01.2007;9-э
Архангельская область;"ГУП ""Архангельская областная энергетическая компания""";29/02;21.03.2008;73-э
Архангельская область;"ООО ""Харитоново  КЦБК"" ";29/04;21.03.2008;73-э
Архангельская область;"ФГУ ""Объединение исправительных учреждений с особыми условиями хозяйственной деятельности № 1 Управления Федеральной службы исполнения наказаний по Архангельской области""";29/05;21.03.2008;73-э
Архангельская область;ВОЙСКОВАЯ ЧАСТЬ 77510;29/06;21.03.2008;73-э
Архангельская область;"ООО ""Беломорэнерго"" (ранее - ООО ""Взморье"" - 29/03)";29/07;22.07.2010;354-э
Астраханская область;"ОАО ""Астраханская энергосбытовая компания""";30/01;17.01.2007;7-э
Астраханская область;"ООО ""Русэнергосбыт""";30/02  (ранее - 77/03);12.02.2007;17-э (84-э)  (247-э)
Белгородская область;"ОАО ""Белгородская сбытовая компания""";31/01;22.01.2007;9-э
Брянская область;"ОАО ""Брянская сбытовая компания""";32/01;21.05.2007;103-э
Владимирская область;"ОАО ""Владимирэнергосбыт"" ";33/01;22.01.2007;9-э
Владимирская область;"ОАО ""Владимирские коммунальные системы""";33/02;22.01.2007;9-э
Владимирская область;"ООО ""Русэнергосбыт""";33/03  (ранее - 77/03);12.02.2007;17-э (84-э)  (247-э)
Волгоградская область;"ОАО ""Волгоградэнергосбыт""";34/01;12.02.2007;17-э
Волгоградская область;"ООО ""Волгоградоблэлектросбыт""";34/02;04.07.2007;148-э
Волгоградская область;"МУП ""Волжский энергосбыт"" ";34/03;04.07.2007;148-э
Волгоградская область;"ООО ""РЭС-Энергосбыт""";34/04;04.07.2007;148-э
Волгоградская область;"ООО ""Русэнергосбыт"" ";34/05  (ранее - 77/03);12.02.2007;17-э (84-э)  (247-э)
Вологодская область;"ОАО ""Вологодская сбытовая компания""";35/01;22.01.2007 (19.06.2008);9-э (214-э)
Вологодская область;"ГЭП ""Вологдаоблкоммунэнерго""";35/02;22.01.2007 (19.06.2008);9-э (214-э)
Вологодская область;"ГП ВО ""Череповецкая ЭТС""";35/03;22.01.2007 (19.06.2008);9-э (214-э)
Вологодская область;"МУП г. Череповца ""Электросеть""";35/04;22.01.2007;9-э
Воронежская область;"ОАО ""Воронежская энергосбытовая компания"" (+36/03) ";36/01;09.02.2007 (28.01.2010);16-э  (25-э)
Воронежская область;"МУП ""Борисоглебская энергосбытовая организация"" Борисоглебского городского округа Воронежской области";36/02;03.04.2007;47-э
Ивановская область;"ОАО ""Ивановская энергосбытовая компания"" (+ 37/05)";37/01;12.02.2007;17-э
Ивановская область;"ООО ""Энергосетевая компания""";37/03;12.02.2007 (24.09.2007);17-э  (222-э)
Ивановская область;"ЗАО ""Братские электрические сети""";38/03;21.05.2007;103-э
Ивановская область;"ЗАО ""Витимэнергосбыт""";38/04;21.05.2007;103-э
Ивановская область;"ООО ""Русэнергосбыт""";38/07  (ранее - 77/03);12.02.2007;17-э (84-э)  (247-э)
Ивановская область;"ООО ""Иркутская Энергосбытовая компания"" (ранее - ОАО ""Иркутскэнерго"" - 38/01) (+38/02, 38/05)";38/06;21.03.2008;78-э
Калининградская область;"ОАО ""Янтарьэнерго"" (+39/03)";39/01;22.01.2007;9-э
Калужская область;"ОАО ""Калужская сбытовая компания""";40/01;09.02.2007;16-э
Камчатский край;"ОАО ""Камчатскэнерго"" ";41/01;20.08.2007;203-э
Камчатский край;"ОАО ""Южные электрические сети Камчатки""";41/02;20.08.2007;203-э
Камчатский край;"ГУП ""Управление энергетики и водоснабжения Сибирского отделения Российской академии наук""";54/03;12.02.2007;17-э
Камчатский край;"ОАО ""Паужетская ГеоЭС""";41/03;20.08.2007;203-э
Кемеровская область;"ОАО ""Кузбасская энергетическая сбытовая компания""";42/01;17.01.2007;7-э
Кемеровская область;"ООО ""Металлэнергофинанс""";42/02;17.01.2007 (21.03.2008)  (17.07.2009);7-э  (79-э) (268-э)
Кировская область;"ОАО ""Кировэнергосбыт"" ";43/01;17.01.2007;7-э
Кировская область;"ООО ""Русэнергосбыт""";43/02  (ранее - 77/03);12.02.2007;17-э (84-э)  (247-э)
Костромская область;"ОАО ""Костромская сбытовая компания""";44/01;09.02.2007;16-э
Костромская область;"ООО ""Русэнергосбыт"" ";44/02  (ранее - 77/03);12.02.2007;17-э (84-э)  (247-э)
Курганская область;"ОАО ""Курганская энергосбытовая компания"" ";45/01;09.02.2007 (21.11.2007);16-э  (301-э)
Курганская область;"ОАО ""Энергосбыт""";45/02;22.06.2007  (21.11.2007);130-э (301-э)
Курская область;"ООО ""Региональная энергосбытовая компания""";46/01;22.01.2007 (04.05.2008);9-э  (143-э)
Курская область;"ОАО ""Курская энергосбытовая компания"" ";46/02;20.08.2007;203-э
Курская область;"ОАО ""Курскэнергосбыт""";46/03;20.08.2007;203-э
Ленинградская область;"ООО ""РКС-энерго"" ";47/01;22.01.2007;9-э
Ленинградская область;"ОАО ""Петербургская сбытовая компания""";47/02 (ранее - 78/01);09.02.2007  (30.06.2009);16-э  (247-э)
Ленинградская область;"ООО ""Русэнергосбыт""";47/03 (ранее - 77/03);12.02.2007;17-э (84-э)  (247-э)
Липецкая область;"ОАО ""Липецкая энергосбытовая компания""";48/01;09.02.2007;16-э
Липецкая область;"ООО ""Городская энергосбытовая компания""";48/02;09.02.2007;16-э
Магаданская область;"ОАО ""Магаданэнерго""";49/01;12.02.2007;17-э
Магаданская область;"ОАО ""Магаданэлектросеть""";49/02;24.09.2007;220-э
Магаданская область;"ООО ""ТАХТОЯМСК-ЭНЕРГИЯ""";49/04;24.09.2007;220-э
Магаданская область;"МУП ""Комэнерго""";49/05;24.09.2007;220-э
Магаданская область;"МУП ""Жилищно-коммунальное хозяйство ""Ямское"" муниципального образования ""Село Ямск""";49/07;11.09.2008;343-э
Магаданская область;"МУП ""Тенькатеплосеть"" администрации Тенькинского района";49/08;11.09.2008;343-э
Магаданская область;"ОАО ""Омсукчанская дорожная компания""";49/09;11.09.2008;343-э
Магаданская область;"УМП ""Эвенская электротеплосеть"" поселка Эвенск Магаданской области (ранее - Северо-Эвенское МУП ""Жилкоммунэнерго"" - 49/06)";49/10;30.06.2010;302-э
Московская область;"ОАО ""Мосэнергосбыт""";50/18  (ранее -77/01);22.01.2007 (04.05.2008) (30.06.2009);9-э (144-э)  (247-э)
Московская область;"ЗАО ""Балашихинская электросеть""";50/01;22.06.2007;130-э
Московская область;"ОАО ""Электросеть""";50/02;22.06.2007;130-э
Московская область;"МУП ""Электросеть"" г. Фрязино МО";50/03;22.06.2007;130-э
Московская область;"МУП городского округа Домодедово ""Электросеть""";50/04;22.06.2007;130-э
Московская область;"МУП ""Ивантеевские Электросети"" ";50/05;22.06.2007;130-э
Московская область;"МУП ""Объединение ""Истринские электросети""";50/06;22.06.2007;130-э
Московская область;"ЗАО ""Королевская электросеть СК"" (ранее - ЗАО ""Королевская электросеть"" - № 50/07)";50/20;20.05.2010;169-э
Московская область;"ОАО ""Красногорская электрическая сеть""";50/08;22.06.2007;130-э
Московская область;"МП Щелковского района ""Щелковские Электросети"" ";50/09;22.06.2007;130-э
Московская область;"ЗАО ""Лобненская электросеть"" ";50/10;22.06.2007;130-э
Московская область;"МУП ""Троицкая электросеть"" ";50/11;22.06.2007;130-э
Московская область;"МУП Раменского района ""Гжельское ПТО КХ""";50/13;22.06.2007;130-э
Московская область;"МУП ""Ильинское ПТО КХ"" ";50/14;22.06.2007;130-э
Московская область;МУП Раменское ПТО ГХ ;50/15;22.06.2007;130-э
Московская область;"ООО ""Химэнергосбыт"" (ранее - ОАО ""Химкинская электросеть"" - № 50/12)";50/17;02.03.2009;41-э
Московская область;"ООО ""Русэнергосбыт""";50/19  (ранее - 77/03);12.02.2007;17-э (84-э)  (247-э)
Мурманская область;"ОАО ""Кольская энергосбытовая компания"" (+51/11)";51/01;21.05.2007  (19.05.2008);103-э  (166-э)
Мурманская область;"ООО ""Арктик-энерго"" ";51/06;21.05.2007;103-э
Мурманская область;"СПК РК ""Чапома""";51/08;22.06.2007;130-э
Мурманская область;"СПК РК ""Всходы коммунизма""";51/09;22.06.2007;130-э
Мурманская область;"МУП ""Служба Единого Заказчика"" ";51/10;22.06.2007;130-э
Мурманская область;"ООО ""Русэнергосбыт""";51/12  (ранее - 77/03);12.02.2007;17-э (84-э)  (247-э)
Нижегородская область;"ОАО ""Нижегородская сбытовая компания"" ";52/01;22.01.2007;9-э
Нижегородская область;"ЗАО ""Волгаэнергосбыт"" ";52/02;22.01.2007;9-э
Нижегородская область;"ОАО ""Обеспечение РФЯЦ-ВНИИЭФ"" (ранее - ФГУДП)";52/03;22.01.2007 (26.07.2007);9-э (188-э)
Нижегородская область;"ООО ""Русэнергосбыт""";52/04  (ранее - 77/03);12.02.2007;17-э (84-э)  (247-э)
Новгородская область;"ОАО ""Новгородская энергосбытовая компания"" ";53/01;12.02.2007;17-э
Новгородская область;"ООО ""Новгородская энергосбытовая компания""";53/02;12.02.2007;17-э
Новосибирская область;"ОАО ""СибирьЭнерго""  (ранее - ОАО ""Сибирьэнерго"") (+54/02,+54/03) ";54/01;09.02.2007  (24.11.2008) (28.01.2010);16-э (433-э)  (24-э)
Омская область;"ОАО ""Омская энергосбытовая компания""";55/01;03.04.2007;47-э
Оренбургская область;"ОАО ""Оренбургэнергосбыт""";56/01;09.02.2007;16-э
Оренбургская область;"ЗАО ""Оренбургсельэнергосбыт""";56/02;03.04.2007  (27.02.2009);47-э (39-э)
Оренбургская область;"ООО ""Русэнергосбыт"" ";56/03  (ранее - 77/03);12.02.2007;17-э (84-э)  (247-э)
Орловская область;"ОАО ""Орловская сбытовая компания""";57/01;17.01.2007;7-э
Орловская область;"ОАО ""ИНТЕР РАО ЕЭС"" (ранее - ЗАО ""ИНТЕР РАО ЕЭС"" - 57/02)";57/03;24.11.2008;432-э
Пензенская область;"ОАО ""Пензенская энергосбытовая компания""";58/01;04.07.2007;148-э
Пермский край;"ОАО ""Пермская энергосбытовая компания"" ";59/01;04.07.2007;148-э
Пермский край;"ЗАО ""КЭС-Мультиэнергетика""";59/02;04.07.2007;148-э
Псковская область;"ОАО ""Псковэнергосбыт""";60/01;12.02.2007;17-э
Ростовская область;"ОАО ""Энергосбыт Ростовэнерго"" ";61/01;09.02.2007  (25.10.2007);16-э (271-э)
Ростовская область;"ООО ""Донэнергосбыт""";61/02;09.02.2007  (25.10.2007);16-э (271-э)
Рязанская область;"ОАО ""Рязанская энергетическая сбытовая компания"" ";62/01;09.02.2007;16-э
Рязанская область;"ООО ""Рязанская городская муниципальная энергосбытовая компания""";62/02;22.06.2007 (24.12.2009);130-э (469-э)
Самарская область;"ОАО ""Самараэнерго"" (+ 63/06)";63/01;21.05.2007;103-э
Самарская область;"ООО ""Сызранская городская электросеть""";63/03;21.05.2007;103-э
Самарская область;"МУП ""ПО КХ г. Тольятти""";63/05;21.05.2007;103-э
Самарская область;"ООО ""ТольяттиЭнергоСбыт""";63/07;21.05.2007;103-э
Самарская область;"ЗАО ""Самарагорэнергосбыт"" (ранее - ЗАО ""Самарские городские электрические сети"" - 63/02)";63/08;16.04.2009;85-э
Самарская область;"ОАО ""Тольяттинская энергосбытовая компания""";63/09;17.07.2009;272-э
Саратовская область;"ОАО ""Саратовэнерго"" ";64/01;12.02.2007;17-э
Саратовская область;"ООО ""Саратовская областная энергосбытовая компания""";64/02;12.02.2007;17-э
Саратовская область;"ООО ""Саратовское предприятие городских электрических сетей""";64/03;03.04.2007;47-э
Саратовская область;"ООО ""Русэнергосбыт""";64/04 (ранее - 77/03);12.02.2007;17-э (84-э)  (247-э)
Сахалинская область;"ОАО ""Сахалинэнерго"" ";65/01;12.02.2007;17-э
Сахалинская область;"ОАО ""Охинская ТЭЦ"" ";65/02;21.05.2007;103-э
Сахалинская область;"ОАО ""Ногликская газовая электрическая станция"" ";65/03;21.05.2007;103-э
Сахалинская область;"МУП ""ЖКХ ""Ныш""";65/04;21.05.2007;103-э
Сахалинская область;"ООО ""Энергетик"" ";65/05;21.05.2007;103-э
Сахалинская область;"ООО ""Виахтинские энергосети""";65/06;21.05.2007;103-э
Сахалинская область;"МУП ""Смирныховский коммунальник"" МО ГО ""Смирныховский""";65/07;21.05.2007;103-э
Сахалинская область;"МУП ""Озерное"" ";65/08;21.05.2007;103-э
Сахалинская область;"Муниципальное казенное предприятие ""Тепло-электросистемы Северо-Курильского городского округа""";65/09;21.05.2007;103-э
Сахалинская область;"Муниципальное ремонтно-эксплуатационное предприятие муниципального образования ""Курильский городской округ""";65/10;21.05.2007;103-э
Сахалинская область;Кунаширская Квартирно-эксплуатационная часть района ;65/11;21.05.2007;103-э
Сахалинская область;"МУП ""ЖКХ о. Шикотан"" ";65/12;21.05.2007;103-э
Сахалинская область;"МУП ""ЖКХ с. Крабозаводское""";65/13;21.05.2007;103-э
Сахалинская область;"ЗАО ""Энергия Южно-Курильская""";65/14;21.05.2007;103-э
Свердловская область;"ОАО ""Свердловэнергосбыт""";66/01;29.12.2006 (16.04.2008)  (02.03.2009);252-э  (126-э)  (40-э)
Свердловская область;"ООО ""Новоуральская энергосбытовая компания""";66/05;29.12.2006 (26.01.2007)  (30.12.2009);252-э  (10-э) (488-э)
Свердловская область;"ОАО ""Екатеринбургэнергосбыт"" (ранее - ОАО ""Екатеринбургская электросетевая компания"" - 66/02)";66/07;29.07.2008 (30.12.2009);282-э (488-э)
Свердловская область;"ОАО ""Роскоммунэнерго"" (Нижнетагильский филиал ""Тагилэнергосбыт"")";66/08  (ранее - 77/04);03.04.2007  (11.09.2008)  (30.12.2009);47-э  (344-э)  (488-э)
Смоленская область;"ОАО ""Смоленскэнергосбыт""";67/01;29.12.2006;252-э
Тамбовская область;"ОАО ""Тамбовская энергосбытовая компания""";68/01;29.12.2006;252-э
Тамбовская область;"ОАО ""Тамбовская областная сбытовая компания""";68/02;29.12.2006;252-э
Тверская область;"ОАО ""Тверская энергосбытовая компания""";69/01;22.01.2007;9-э
Тверская область;"ООО ""Тверская областная энергосбытовая компания""";69/02;22.01.2007;9-э
Томская область;"ОАО ""Томская энергосбытовая компания"" ";70/01;26.07.2007;189-э
Томская область;"ООО ""Энергокомфорт"". Единая Томская сбытовая компания""";70/02;26.07.2007;189-э
Томская область;"ОАО ""Городские электрические сети""";70/03;25.10.2007;269-э
Тульская область;"ОАО ""Тульская сбытовая компания""";71/01;29.12.2006;252-э
Тульская область;"ООО ""Новомосковская  энергосбытовая компания""";71/03;29.12.2006;252-э
Тульская область;"ООО ""Алексинэнергосбыт"" (ранее - МУП ""Алексинская городская электросеть"" - 71/04)";71/05;14.05.2007;90-э
Тульская область;"ОАО ""Тульская энергосбытовая компания"" (ранее - МУП ""Тульские городские электрические сети"" - 71/02)";71/06;26.11.2007;302-э
Тюменская область;"ОАО ""Тюменьэнергосбыт"" ";72/01;  04.07.2007 (25.10.2007); 148-э (270-э)
Тюменская область;"ОАО ""Тюменская энергосбытовая компания""";72/02 (ранее - 86/01);04.07.2007  (30.06.2009);148-э  (247-э)
Ульяновская область;"ОАО ""Ульяновскэнерго""";73/01;29.12.2006;252-э
Ульяновская область;"ООО ""Димитровградская энергосбытовая компания"" ";73/02;29.12.2006;252-э
Челябинская область;"ОАО ""Челябэнергосбыт"" (+ 74/04)";74/01;03.04.2007;47-э
Челябинская область;"ООО ""Магнитогорская энергетическая компания""";74/02;03.04.2007;47-э
Челябинская область;"ООО ""Русэнергосбыт""";74/05 (ранее - 77/03);12.02.2007;17-э (84-э)  (247-э)
Забайкальский край;"ОАО ""Читинская энергосбытовая компания""";75/01;17.01.2007;7-э
Забайкальский край;"Унитарное муниципальное предприятие ""Жилищно-коммунальное управление"" ";75/02;17.01.2007;7-э
Забайкальский край;"ООО ""Коммунальник""";75/03;17.01.2007;7-э
Забайкальский край;"ООО ""Районный коммунальник""";75/04;17.01.2007;7-э
Забайкальский край;"МУП ""Коммунальщик""";75/05;17.01.2007;7-э
Забайкальский край;"СПК ""Раздольное""";75/06;17.01.2007;7-э
Забайкальский край;"СПК ""Менза""";75/07;17.01.2007;7-э
Забайкальский край;"МУП ""РЖКХ """;75/08;17.01.2007;7-э
Забайкальский край;"ООО ""Первомайская ТЭЦ"" (ранее - ОАО ""Забайкальский ГОК"" - 75/09)";75/10;07.05.2008;158-э
Ярославская область;"ОАО ""Ярославская сбытовая компания""";76/01;21.05.2007  (21.03.2008);103-э  (76-э)
Ярославская область;"ООО ""Русэнергосбыт""";76/04  (ранее - 77/03);12.02.2007;17-э (84-э)  (247-э)
г. Москва;"ОАО ""Мосэнергосбыт""";77/01;22.01.2007 (04.05.2008);9-э (144-э) 
г. Москва;"ООО ""Русэнергосбыт М""";77/02;22.01.2007;9-э
г. Санкт-Петербург;"ОАО ""Петербургская сбытовая компания"" ";78/01;09.02.2007;16-э
г. Санкт-Петербург;"ООО ""ЭНЕРГИЯ ХОЛДИНГ"" ";78/02;03.04.2007;47-э
г. Санкт-Петербург;"ООО ""Русэнергосбыт"" ";78/04  (ранее - 77/03);12.02.2007;17-э (84-э)  (247-э)
г. Санкт-Петербург;"ОАО ""470 Электрическая сеть"" (ранее - ФГУП ""470 электрическая сеть Военно-Морского Флота"" Министерства обороны Российской Федерации - 78/03)";78/05;05.11.2009;393-э
Еврейская автономная область;"ОАО ""Дальневосточная энергетическая компания""";79/01  (ранее - 27/36);04.07.2007  (30.06.2009);149-э  (247-э) 
Ненецкий автономный округ;"ГУП НАО ""Нарьян-Марская электростанция""";83/01;12.02.2007;17-э
Ненецкий автономный округ;"МП Заполярного района ""Севержилкомсервис"" (ранее - ГУП НАО ""Окржилкомсервис"")  (+83/05, 83/06, 83/07, 83/08, 83/09, 83/10)";83/02;12.02.2007 (24.09.2007);17-э  (221-э)
Ненецкий автономный округ;"МУП ""Амдермасервис"" ";83/03;12.02.2007;17-э
Ненецкий автономный округ;СПК-РК «Сула»;83/04;12.02.2007;17-э
Ненецкий автономный округ;СПК «Нарьяна ты»;83/11;12.02.2007;17-э
Ханты-Мансийский автономный округ - Югра;"ОАО ""Тюменская энергосбытовая компания""";86/01;04.07.2007;148-э
Ханты-Мансийский автономный округ - Югра;"ОАО ""Югорская территориальная энергетическая компания""  (+86/07)";86/02;04.07.2007;148-э
Ханты-Мансийский автономный округ - Югра;"ООО ""Нижневартовская Энергосбытовая компания""";86/03;04.07.2007;148-э
Ханты-Мансийский автономный округ - Югра;"ОАО ""Тюменьэнергосбыт"" ";86/08  (ранее - 86/04, 72/01);04.07.2007 (25.10.2007) (30.06.2009);148-э (270-э) (247-э)
Ханты-Мансийский автономный округ - Югра;"МП ""Городские электрические сети"" муниципального образования город Ханты-Мансийск"" (ранее - МП ""Городские электрические сети"")";86/05;04.07.2007 (29.07.2008);148-э  (283-э)
Ханты-Мансийский автономный округ - Югра;"ООО ""Газпром трансгаз Югорск""  (ранее - ООО ""Тюментрансгаз"")";86/06;04.07.2007  (17.04.2008);148-э (127-э)
Чукотский автономный округ;"ОАО ""Чукотэнерго""";87/01;29.12.2006;252-э
Чукотский автономный округ;"Государственное предприятие Чукотского автономного округа ""Чукоткоммунхоз""";87/02;29.12.2006;252-э
Чукотский автономный округ;Муниципальное предприятие жилищно-коммунального хозяйства Билибинского района;87/03;29.12.2006;252-э
Ямало-Ненецкий автономный округ;"ОАО ""Тюменская энергосбытовая компания""";89/30 (ранее - 86/01);04.07.2007  (30.06.2009);148-э  (247-э)
Ямало-Ненецкий автономный округ;"ОАО ""Северная энергетическая компания"" ";89/01;26.07.2007;189-э
Ямало-Ненецкий автономный округ;"МП ""Салехардэнерго"" МО г. Салехард ";89/02;26.07.2007;189-э
Ямало-Ненецкий автономный округ;"ОАО ""Передвижная энергетика"" (филиал ПЭС г.Лабытнанги)";89/03;26.07.2007;189-э
Ямало-Ненецкий автономный округ;"МПП ЖКХ МО г. Лабытнанги ""Ямал""";89/04;26.07.2007;189-э
Ямало-Ненецкий автономный округ;"ЗАО ""Ныдинское""";89/05;26.07.2007;189-э
Ямало-Ненецкий автономный округ;"МП ""Мужевское ЖКХ""";89/06;26.07.2007;189-э
Ямало-Ненецкий автономный округ;"ООО ""Панаевские электросети""";89/07;26.07.2007;189-э
Ямало-Ненецкий автономный округ;"МУП ""Энергия"" муниципального образования Красноселькупский район";89/08;26.07.2007;189-э
Ямало-Ненецкий автономный округ;"МП жилищно-коммунального хозяйства ""Энергия"" муниципального образования Ямальский район";89/09;26.07.2007;189-э
Ямало-Ненецкий автономный округ;"ООО Гыданское жилищно-коммунальное предприятие ""Энергия""";89/10;26.07.2007;189-э
Ямало-Ненецкий автономный округ;"Сеяхинское МП жилищно-коммунального хозяйства ""Ямал"" муниципального образования Ямальский район";89/11;26.07.2007;189-э
Ямало-Ненецкий автономный округ;"МП ""Ямалгаз""";89/12;26.07.2007;189-э
Ямало-Ненецкий автономный округ;"МП ""Овгортское ЖКХ""";89/14;26.07.2007;189-э
Ямало-Ненецкий автономный округ;"ООО ""Прогресс""";89/15;26.07.2007;189-э
Ямало-Ненецкий автономный округ;"ОАО ""Харп-Энерго-Газ""";89/16;26.07.2007;189-э
Ямало-Ненецкий автономный округ;"ОАО ""Совхоз ""Байдарацкий""";89/17;26.07.2007;189-э
Ямало-Ненецкий автономный округ;"МП ""КАСКАД""";89/18;26.07.2007;189-э
Ямало-Ненецкий автономный округ;"ООО ""Электростройизмерения""";89/19;26.07.2007;189-э
Ямало-Ненецкий автономный округ;"МУП ""Тазовскэнерго""";89/20;26.07.2007;189-э
Ямало-Ненецкий автономный округ;"МП ""Белоярское ПП ЖКХ""";89/21;26.07.2007;189-э
Ямало-Ненецкий автономный округ;"ООО ""Ратта""";89/22;26.07.2007;189-э
Ямало-Ненецкий автономный округ;"МУП ""Теплоэнергоремонт""";89/23;26.07.2007;189-э
Ямало-Ненецкий автономный округ;"МП ""Горковское ЖКХ""";89/24;26.07.2007  (21.03.2008);189-э  (74-э)
Ямало-Ненецкий автономный округ;Муниципальное Ярсалинское производственное предприятие жилищно-коммунального хозяйства муниципального образования Ямальский район;89/25;26.07.2007;189-э
Ямало-Ненецкий автономный округ;"МУП ""Контакт-Энерго""";89/26;26.07.2007;189-э
Ямало-Ненецкий автономный округ;"ООО ""Газпром добыча Надым"" (ранее - ООО ""Надымгазпром"" (Ямальское Газопромысловое управление))";89/27;26.07.2007;189-э
Ямало-Ненецкий автономный округ;"ООО ""Ямбурггаздобыча"" (г. Новый Уренгой, филиал в п. Новозаполярный, (ЗГНКМ))";89/28;26.07.2007;189-э
Ямало-Ненецкий автономный округ;"МУП ""Пуровские электрические сети""";89/29;26.07.2007;189-э
г. Байконур;"ГУП ПЭО ""Байконурэнерго""";90/01;16.04.2008;125-э
